hash,params,onchip_used_bytes,offchip_streamed_bytes,total_ops,mapped,latency_ms_median,latency_ms_min,latency_ms_p95,latency_ms_mean,n_timed,status
c6d2c8dc6db7566e4e547ffea6e12a8f,1941898,2002780,0,95,TRUE,0.9153,0.8674,0.9582,0.9171,100,timed
852f21047c2aa03cb1fde04587083228,19489162,7906263,11649679,32,TRUE,26.7819,26.6631,27.0189,26.8090,100,timed
e712e30e0a5c50fb6df76f10c96b8252,6510218,6574571,0,95,TRUE,1.6456,1.6012,1.7722,1.6657,100,timed
ecf18a19fed3f12b6f516182dca9710e,975498,1021440,0,77,TRUE,0.8370,0.7981,0.9360,0.8533,100,timed
0789c1b90c28464af3c753f95b28613d,538894,707840,0,92,TRUE,0.8141,0.7662,0.8977,0.8261,100,timed
80fb4464d0ab82d5f124d228ffd9507c,6246794,6312427,0,104,TRUE,1.6565,1.6197,1.7366,1.6673,100,timed
16145ce8a1a7ec9c0cc956d794267763,3487287,5211422,0,95,TRUE,1.4565,1.4178,1.6376,1.4821,100,timed
c122367432b22688bc63c2f329bf5286,712074,752640,0,41,TRUE,0.5132,0.4809,0.5842,0.5219,100,timed
6064491c87b641562dd0291d38f6f1b3,2621011,3271557,0,77,TRUE,1.0457,1.0142,1.1731,1.0633,100,timed
8857e90db260c3ae832eb1d3ad1d2337,22290314,8021606,14365491,104,TRUE,33.1040,32.8747,33.2958,33.1184,100,timed
2c751a7023a29f5c4e0b9d47e3db010d,2118026,2181038,0,95,TRUE,1.0123,0.9606,1.1035,1.0207,100,timed
cdf42d3c39a6595331d0bc651928d3f9,7695498,7748976,0,77,TRUE,1.6517,1.5961,1.8478,1.6938,100,timed
702ddef6b5b7f659ef1ed38652d91115,2810250,2873098,0,50,TRUE,0.9991,0.9408,1.2839,1.0323,100,timed
9f5bc44b235f5109da1a85ae01eb0b08,10023306,7906263,2181038,68,TRUE,5.4527,5.3726,5.6136,5.4699,100,timed
b0af3f069c5cb289a89d7bccd621845e,14032778,7853834,6270484,104,TRUE,14.8987,14.8134,15.0546,14.9244,100,timed
8413eea4b2037cf27f6a9755759bac6a,2160896,2726297,0,98,TRUE,1.0324,1.0002,1.0575,1.0337,100,timed
c374fe5bbb3c9760aa59c669272bbf1a,6070666,6134169,0,77,TRUE,1.2912,1.2602,1.4325,1.3065,100,timed
0b311d4cc1e30b4e6643be185f501b28,12110730,7790919,4393533,68,TRUE,10.5408,10.4528,10.6522,10.5465,100,timed
bcc43ab208a192a9ef8a1d41acdd79c9,4445834,4508876,0,95,TRUE,1.2801,1.2552,1.4249,1.2977,100,timed
58c8f040b84f617501dea6f4ab582479,5939082,6029312,0,95,TRUE,1.6584,1.6339,1.8716,1.6888,100,timed
779940613eb81c2bfd643b029f8018b8,14196618,7895777,6396313,86,TRUE,15.3130,15.2219,15.5645,15.3412,100,timed
ca548741288594b4f10bdf4055a25741,11231626,8032092,3261071,50,TRUE,8.0167,7.9591,8.0881,8.0237,100,timed
5f628d0626df3c905f6aa68ee314c98a,22454154,7969177,14575206,77,TRUE,33.3412,33.2343,33.4297,33.3410,100,timed
7cfd725f077a0c642c7ba8c3cb19a627,6246794,6312427,0,104,TRUE,1.5486,1.5159,1.5847,1.5538,100,timed
a1cab48052a76de2d82508410bd2761e,4863162,6910115,0,104,TRUE,1.6901,1.6622,1.7191,1.6938,100,timed
7e804ee3e327a1d3ab3e34a8ccd3ce7d,3742858,3795845,0,95,TRUE,1.2230,1.1863,1.3186,1.2365,100,timed
9f4f07e32195542677bd0acbba9cf3f4,5894538,5955911,0,77,TRUE,1.3403,1.2571,1.5213,1.3619,100,timed
8e85de1dead7e9c3e04aa83a4a4b5ab1,19489162,7853834,11691622,86,TRUE,27.2803,27.1659,27.4162,27.2848,100,timed
64a3f8ba8735c09f8ed1d8767e53b281,29668746,7780433,21967667,86,TRUE,50.1204,49.9435,50.2726,50.1300,100,timed
c5a8ee1abdf621ea2c39d88965507a27,3479434,3533701,0,86,TRUE,1.2103,1.1815,1.3458,1.2300,100,timed
a2ff048bbd10f06c03164c22f156a453,2381450,2453667,0,95,TRUE,1.0800,1.0090,1.3451,1.1331,100,timed
f29fd2bdc03f5a8989c71075d380ec32,10188682,7853834,2380267,77,TRUE,6.5014,6.4189,6.6560,6.5241,100,timed
cb6ef5912869f5940f7bafd89949a46e,14196618,7906263,6385827,95,TRUE,15.3215,15.2241,15.4492,15.3268,100,timed
829770556ba3fbf0e154772f5f037d34,6949770,7025459,0,104,TRUE,1.6923,1.6515,1.8798,1.7207,100,timed
ed6b52901d9d5c6fb39e9f59833969ae,2490952,3114270,0,77,TRUE,0.9987,0.9667,1.1333,1.0147,100,timed
65933d33a02a18bb48533c4c1046530e,7695498,7748976,0,77,TRUE,1.6606,1.6264,1.7579,1.6753,100,timed
9a00438f0896232e140bc6386da5795f,832413,1080033,0,95,TRUE,0.8721,0.8406,0.9949,0.8935,100,timed
bacbce1769dfc8fae89fc31c6f525d2b,22454154,7864320,14680064,95,TRUE,33.7367,33.6195,33.9117,33.7520,100,timed
0c7938a14731a85d2fd0aca298eda074,12110730,7864320,4320133,86,TRUE,10.6256,10.5394,10.7668,10.6411,100,timed
71e29ecde1db1f6344801d69c75ed954,888202,928768,0,41,TRUE,0.8532,0.8233,0.9671,0.8689,100,timed
0cd5aff4e3f44ec7fd0cdea0b25cbcc5,6070666,6134169,0,86,TRUE,1.4283,1.3763,1.5389,1.4468,100,timed
44c687c7c21a75a7cfa0bceebafe1853,1870367,2359296,0,86,TRUE,0.9430,0.9042,1.0136,0.9511,100,timed
c5be66d9056923e12cd092c193900a5c,4896138,4980736,0,95,TRUE,1.8395,1.7986,1.9790,1.8585,100,timed
2c8251c708c98122e003a8b7e6e1b7cc,19489162,7864320,11691622,41,TRUE,26.9267,26.8129,27.0727,26.9416,100,timed
7cb9fc92003fb6d5663423001409b318,12274570,7969177,4372561,41,TRUE,10.4062,10.3203,10.5357,10.4186,100,timed
c9983c4d8fc199d68a3778c8e181a319,5775242,5872025,0,104,TRUE,1.8186,1.7789,1.9649,1.8384,100,timed
2a922a7a0697d6ce64e8d578155b0c0d,8311178,7979663,390656,104,TRUE,2.1738,2.1261,2.3152,2.1929,100,timed
254b3c11e4f6b7efff630810abcfb911,830972,1080033,0,101,TRUE,0.8821,0.8351,1.0158,0.9001,100,timed
be37244bef6847254a11217570b03524,5807242,5861539,0,95,TRUE,1.6117,1.5757,1.7791,1.6434,100,timed
1d51417872db404b98002772ce6918ef,12274570,7969177,4372561,86,TRUE,10.9746,10.8910,11.0734,10.9817,100,timed
724ceb3878ccde3f535dd4ab2555c917,4358538,4424990,0,104,TRUE,1.4779,1.4296,1.5998,1.4995,100,timed
f68de672564ddefc30c9366e5aae1bfe,23333258,7906263,15529410,104,TRUE,35.6676,35.4829,35.7790,35.6707,100,timed
03c0143660099a77958ebe78355f2044,3365952,5064622,0,104,TRUE,1.4858,1.4409,1.5999,1.5039,100,timed
2d91b76965365cc40770e11ff78762cb,21411210,7853834,13641973,95,TRUE,31.5003,31.3613,31.6604,31.5133,100,timed
6f6257bc3b12d87b8736e81cd4b7ed8b,1767306,1814036,0,41,TRUE,0.8131,0.7773,0.9293,0.8286,100,timed
980f15236179785b551c73fc8d6e984c,2606881,3271557,0,86,TRUE,1.1256,1.0826,1.2391,1.1435,100,timed
abbb229f6d99fca2894a8bf159d9ec19,951471,1226833,0,101,TRUE,0.8326,0.8019,0.9560,0.8473,100,timed
c465ad35f7c93aefdf743307af761ae1,5807242,5861539,0,86,TRUE,1.4678,1.4291,1.5819,1.4841,100,timed
355f27a4725363f68c8f1a88fc0f8baf,4798090,4865392,0,113,TRUE,1.5485,1.4910,1.6626,1.5658,100,timed
971d4a887ef4b24e31731c0dfd816253,2885547,3638558,0,95,TRUE,1.1717,1.1196,1.2875,1.1952,100,timed
968755e05b28d2bcd83ffd9db9b837dc,1591178,1646264,0,104,TRUE,1.2172,1.1324,1.3404,1.2365,100,timed
4eb779285481e2feb4ab6f42f3d72f66,1989425,2506096,0,95,TRUE,1.0148,0.9712,1.2148,1.0335,100,timed
a4c830aaaa9d645e8a00e92c529e2611,20532106,7895777,12708741,59,TRUE,29.3797,29.1965,29.5677,29.4151,100,timed
6a8e6e97ecd1dc0934e776091c5bfae7,13868938,7864320,6102712,113,TRUE,14.5249,14.4351,14.7031,14.5456,100,timed
6463dec236838bad09900bdd64ef2f33,9014154,8032092,1059061,104,TRUE,3.3344,3.2647,3.4489,3.3563,100,timed
e0e95c85c9ece1eb0443ca4564a17337,4732298,4812963,0,104,TRUE,1.9612,1.9173,2.1190,1.9809,100,timed
57468b7c4dd6508014213945941ccac7,2893944,3638558,0,95,TRUE,1.1533,1.1159,1.2730,1.1730,100,timed
0392e8a0e2939ec313ca5c4ca0492312,1978762,2118123,0,68,TRUE,0.9258,0.8847,1.1110,0.9496,100,timed
313736e5b054727569cd58208e87ba83,2908985,3638558,0,95,TRUE,1.1424,1.0999,1.3484,1.1742,100,timed
012deff52786819c4b8ca442cc075ac9,4896138,4980736,0,95,TRUE,1.6643,1.6146,1.8166,1.6853,100,timed
093c374abde96ff2195a516ed51d8930,1978762,2118123,0,68,TRUE,0.9442,0.8698,1.1140,0.9598,100,timed
4cff275248015389b0a83c646c4599cf,3039882,3082813,0,68,TRUE,1.1109,1.0708,1.2412,1.1401,100,timed
8259fa5ddab153bcf0717e56a5ed303c,3655817,5421137,0,104,TRUE,1.5159,1.4710,1.6991,1.5476,100,timed
3eb1860d00ce75987821bd9488f62779,3812076,4771020,0,95,TRUE,1.3293,1.2831,1.4860,1.3542,100,timed
84b167c77985fe05f490bc4141dc676d,5807242,5861539,0,86,TRUE,1.4837,1.4379,1.5854,1.4953,100,timed
e74a9b5637bd5660b3e1538bf5a8348d,14032778,8032092,6092226,104,TRUE,14.5144,14.4245,14.7419,14.5360,100,timed
b94752eaa467ee9b62e24643dfec7376,7695498,7748976,0,77,TRUE,1.6770,1.6290,1.8209,1.7013,100,timed
e5a8038201ff317594fa62c45ecd2d05,12110730,7969177,4215275,50,TRUE,10.0832,9.9979,10.2850,10.1122,100,timed
139eaf391eac2a81db1f8c2c773217bf,3031497,3785359,0,98,TRUE,1.1462,1.1061,1.2690,1.1671,100,timed
eb2e7682970067c40aa7af44d5e627ea,8838026,8032092,879104,104,TRUE,2.9627,2.9111,3.0813,2.9797,100,timed
cac2ab2b1c21698c84140b29e4c428e5,29832586,7969177,21946695,86,TRUE,50.0756,49.9340,50.2185,50.0864,100,timed
853add1fb58360f2ee5b53178d6429dd,6510218,6574571,0,95,TRUE,1.4808,1.4332,1.6115,1.5001,100,timed
2af739975919c70aeb3220cf342a675e,3853194,3921674,0,59,TRUE,1.1196,1.0853,1.2215,1.1358,100,timed
d770fd35074cc3ef7dd76e1f96fd1946,4006282,4068474,0,86,TRUE,1.1745,1.1401,1.2805,1.1881,100,timed
2f46c9d2f1cff176f34a2295c49822bc,3039882,3082813,0,41,TRUE,0.7736,0.7369,0.9072,0.7868,100,timed
c4efdf77a43e8d3bd8b92e416b79109e,2782644,3491758,0,92,TRUE,1.1584,1.1200,1.2844,1.1771,100,timed
eae2760c635ecba5f24e74377fa3dc07,3662956,4550819,0,89,TRUE,1.2425,1.1950,1.4870,1.2817,100,timed
4dcf4a63d8bae4c0f299cad53b7129a1,1873308,2359296,0,62,TRUE,0.7750,0.7403,0.8971,0.7918,100,timed
8b900e6fbd7672c65fe6f833e95c200b,21411210,7864320,13631488,77,TRUE,31.4470,31.3195,31.6017,31.4590,100,timed
05437333d52f605fd717faa8bf950542,20532106,7969177,12635340,59,TRUE,29.1975,29.0722,29.3299,29.2071,100,timed
b49ac8c578b4561d79ac7087988f1c61,10188682,7906263,2338324,23,TRUE,5.9241,5.8514,6.0322,5.9340,100,timed
32901a6e3614f2ee9c380c73c1866fef,22454154,7864320,14680064,77,TRUE,33.6660,33.5150,33.8420,33.6803,100,timed
71d941de64dc3f9945d01633fff34988,5367690,5421137,0,86,TRUE,1.4856,1.4307,1.6716,1.5170,100,timed
8931375b17571d1c7fbf7c112dbe28bc,2780880,3491758,0,95,TRUE,1.1819,1.1357,1.3210,1.2029,100,timed
083ee66bbaafd65732757ced69e68dc5,4182410,4246732,0,104,TRUE,1.3392,1.2993,1.4949,1.3624,100,timed
ee7352572d1fe6d96f755c23ba85dce7,6686346,6752829,0,104,TRUE,1.7434,1.7040,1.9391,1.7760,100,timed
6bc1790ed429d54dc732031f2301632a,3001610,3198156,0,86,TRUE,1.0068,0.9754,1.1059,1.0243,100,timed
9d945979a511db5b3a3bcf0e56ce77a5,4182410,4246732,0,104,TRUE,1.3704,1.3321,1.5278,1.3889,100,timed
4e9072c02fe6511295d0dbe82c74e989,1750146,2202009,0,62,TRUE,0.7964,0.7662,0.9113,0.8148,100,timed
d8720cf71455c485e0681eec0efc0901,1582141,1992294,0,92,TRUE,0.9294,0.8936,1.0410,0.9458,100,timed
abdf715e664f53708e379d1e10ab09d2,21411210,7969177,13526630,95,TRUE,31.3742,31.2618,31.6017,31.4031,100,timed
49e68103df3021497b81b9a09cdba13e,7125898,7203717,0,113,TRUE,1.7826,1.7313,1.9069,1.7986,100,timed
f28ae524c59c34448f690570c75b8921,5807242,5861539,0,86,TRUE,1.4665,1.4260,1.6664,1.4868,100,timed
f2e929040a2e3997ef1cca09c24fcd63,3742858,3795845,0,95,TRUE,1.3581,1.3211,1.5648,1.3860,100,timed
9d6a3f721926eebbf2277acdf938b14f,7871626,7927234,0,95,TRUE,1.8693,1.8225,2.0577,1.9255,100,timed
f5932686e6f76e752739a82c0195d88f,3039882,3082813,0,86,TRUE,1.2102,1.1657,1.3197,1.2269,100,timed
ef694b3b1bae2ad0744428f50fbd3428,15075722,7864320,7319060,104,TRUE,17.1586,17.0881,17.3023,17.1732,100,timed
bcac9da9e452e7374364a599a26a61a0,4885386,4959764,0,104,TRUE,1.4128,1.3761,1.5363,1.4398,100,timed
4c2e6efcd3e63a170f3e3f358d9fea84,9014154,8032092,1059061,104,TRUE,3.3768,3.3184,3.5109,3.3952,100,timed
88fbe77b5640371dcbfb38598126b26b,14196618,7906263,6385827,68,TRUE,15.0742,14.9791,15.2326,15.0862,100,timed
cdafdf37ce85696704cb88943e97c552,1700674,2139095,0,95,TRUE,0.9309,0.8716,1.0437,0.9423,100,timed
3a84e0ad7980f716eeacf15919b262be,4709258,4781506,0,104,TRUE,1.2346,1.1980,1.3512,1.2519,100,timed
74b4f4593d17d0a2951634df306a4958,38969226,8032092,31027363,95,TRUE,70.3892,70.1651,70.5629,70.4029,100,timed
0613b92e3d1d46b3d29fcf00d44072c6,12274570,7895777,4445962,86,TRUE,11.1705,11.0833,11.3080,11.1853,100,timed
66f099921991da4bc33d1a84c20c7888,3742858,3795845,0,95,TRUE,1.2609,1.2324,1.4202,1.2852,100,timed
d1b9a359561814e89b273c953bb32bb1,3479434,3533701,0,95,TRUE,1.3385,1.2918,1.4777,1.3560,100,timed
51ce526bef6a9a315c57ba584090b5d5,12110730,7853834,4330618,77,TRUE,10.5785,10.4669,10.6901,10.5878,100,timed
90e3f5faec3240ddfee38a004cead72a,1931146,1981808,0,41,TRUE,0.8559,0.8204,0.9535,0.8730,100,timed
3d5ab02fa567075caaba24957442fc46,15075722,8032092,7151288,86,TRUE,16.7365,16.6483,16.8550,16.7584,100,timed
250c5f63f0a4a985e704c8b6b34fd6ef,8750730,7906263,912896,104,TRUE,3.1283,3.0748,3.2909,3.1539,100,timed
86b6f658f237f6dd05204a6ca97d5743,12110730,7780433,4404019,95,TRUE,11.0969,10.9953,11.2940,11.1174,100,timed
7008198c90ed5d4dd8adb0acbd2fd2bd,497674,569344,0,68,TRUE,0.5257,0.4793,0.6432,0.5395,100,timed
aa665d5ca55829b9ddd3a4d1c360a87b,29668746,7895777,21852323,77,TRUE,49.8182,49.7035,49.9539,49.8264,100,timed
2f15ccd4bd9b45cb3ad9ecee049305d4,7871626,7906263,23040,86,TRUE,1.8199,1.7817,1.9673,1.8423,100,timed
971ac24547267da23e12018371b49874,5807242,5861539,0,95,TRUE,1.6010,1.5532,1.7218,1.6154,100,timed
54a607b5218c9982eb559f253f6978fb,20532106,7895777,12708741,59,TRUE,29.4096,29.2991,29.5069,29.4112,100,timed
d2a6d6bf9e5dc6b4f42877c8337be76a,32633738,8021606,24725422,104,TRUE,56.0775,55.9470,56.2924,56.0961,100,timed
b6c9554acdc4b47d81823ba67626f845,12110730,7853834,4330618,86,TRUE,10.7189,10.6371,10.8380,10.7335,100,timed
f38df1441545abd5a543b0e1ea1b9687,3742858,3795845,0,95,TRUE,1.2311,1.1951,1.3460,1.2465,100,timed
86234eb6135af3960d7fdea3d65f645a,5631114,5683281,0,86,TRUE,1.4453,1.3845,1.8303,1.5122,100,timed
dbbbf73630874fcf19e5882a333c8f83,12966794,8032092,5012193,86,TRUE,12.2065,12.0957,12.4659,12.2369,100,timed
d648a3844908aa19dc9385b9f4f790f4,4555612,5683281,0,92,TRUE,1.4010,1.3534,1.4915,1.4131,100,timed
e092d43820b08fe53aa2ba6e2395850a,30711690,7906263,22900899,95,TRUE,52.1882,52.0322,52.3633,52.2123,100,timed
6236f0cf8574d9b0a3866e636b9f1915,15075722,7969177,7214202,95,TRUE,16.9601,16.8573,17.1107,16.9778,100,timed
997324d7135eecbf9adfaab28c82993a,5543818,5599395,0,86,TRUE,1.5294,1.4916,1.6935,1.5541,100,timed
c9204a6ad8dd6d811d5e5a2824101724,4709258,4781506,0,104,TRUE,1.2270,1.1983,1.4629,1.2623,100,timed
2d5413cb4137167fcd3dbfc48f88367f,2767014,3491758,0,80,TRUE,1.1037,1.0626,1.2879,1.1391,100,timed
0ed8f83666e1fb7f79ca02bdde890d2d,1013770,1111490,0,68,TRUE,0.6799,0.6327,1.0610,0.7734,100,timed
606f15037b5bd4d79ace4200792b95cf,6070666,6134169,0,95,TRUE,1.5049,1.4697,1.6256,1.5227,100,timed
ccc084535b7fbe102538c08a7b912308,16118666,8032092,8199864,104,TRUE,19.1851,19.0619,19.3252,19.2009,100,timed
e8dcca075e681e84f571db2efc3ec40f,5367690,5421137,0,86,TRUE,1.5401,1.4772,2.1705,1.6136,100,timed
ecc70329e3c8132ededb3e614c99459c,6246794,6312427,0,95,TRUE,1.6562,1.6134,1.8926,1.6881,100,timed
f2bf6cacc836e8ff51766fcef9716a86,1072344,1373634,0,95,TRUE,0.8322,0.7943,0.9928,0.8581,100,timed
56843fa944df2c025589ae799312fe60,3303306,3355443,0,86,TRUE,1.2148,1.1592,1.3743,1.2375,100,timed
bc12ef2ce699b9f9ed98731c977784ac,30711690,7895777,22911385,95,TRUE,52.2571,52.0293,52.4443,52.2745,100,timed
6b3b187b26bf62d08556fc86e69ca60c,6818186,6920601,0,104,TRUE,1.8315,1.7913,1.9018,1.8406,100,timed
7b2fd70156186ce9dd422edaae54ada1,1678474,1730150,0,95,TRUE,1.0001,0.9707,1.1147,1.0278,100,timed
6b357aa289720ff7908c1ab48227a2a0,21411210,8021606,13474201,86,TRUE,31.1361,31.0354,31.2964,31.1584,100,timed
511350affb749c780443198c522714ce,2782644,3491758,0,80,TRUE,1.0731,1.0492,1.1888,1.0947,100,timed
afbae1c035782c5f51f7542247d99794,6510218,6574571,0,104,TRUE,1.5474,1.4989,1.7599,1.5786,100,timed
bed0664cd033875b2f5059277b8d1a9e,3918986,3974103,0,68,TRUE,1.1480,1.0758,1.2969,1.1745,100,timed
ece70dffadf532dc5849678b88a3a3fb,7871626,7895777,31744,95,TRUE,1.9301,1.8877,2.0643,1.9468,100,timed
7ad086bdc3ebfa56a8ef5f6f0214df83,6246794,6312427,0,104,TRUE,1.6252,1.5804,1.8136,1.6580,100,timed
88533e8540790ea14214199b7b18c5a8,2779703,3491758,0,98,TRUE,1.1863,1.1346,1.3957,1.2094,100,timed
a321fcc724dcdd6974f64d546909b58e,28789642,7790919,21076377,59,TRUE,48.0915,47.9148,48.2444,48.1024,100,timed
818335e2311b94ab15cbd7c90cae21e7,1415050,1468006,0,95,TRUE,1.0719,1.0356,1.2429,1.0986,100,timed
2ee627980d8e573758a45c6b555c2853,1464385,1835008,0,101,TRUE,0.9503,0.9110,1.2699,1.0000,100,timed
41d209a4137cdf29810fb5394ee2a325,4621962,4687134,0,104,TRUE,1.4204,1.3844,1.5822,1.4479,100,timed
b436a6e7730396404984f0775bdbdbc9,1415050,1468006,0,95,TRUE,1.0040,0.9643,1.1613,1.0214,100,timed
bd9fee5fb5cc050e8789cabe7f06ea7e,1327754,1394606,0,86,TRUE,0.9779,0.9481,1.0623,0.9983,100,timed
95717613c5c79692756a23a8a02ffdb6,6510218,6574571,0,104,TRUE,1.5566,1.5038,1.6682,1.5657,100,timed
2626b5c0d77a00273062ab96adf47b64,3303306,3355443,0,86,TRUE,1.2364,1.1872,1.3899,1.2541,100,timed
9f1b49c2d168104d28574ec7edb58dc3,3643999,4550819,0,92,TRUE,1.2406,1.2050,1.4056,1.2634,100,timed
6b192a4af83fb8eef7b3f3e7d576a87c,1941898,2002780,0,86,TRUE,0.8667,0.8242,1.0220,0.8867,100,timed
f79061c4679484779255ec78c54f0cab,6510218,6574571,0,104,TRUE,1.6015,1.5473,1.7309,1.6214,100,timed
b31a306fb738bf434a7a637c9ffe68ba,1591178,1646264,0,59,TRUE,0.8003,0.7617,0.8873,0.8139,100,timed
628526cec91609b8097d3013ceb767c7,8135050,8032092,166400,95,TRUE,1.8629,1.8119,2.0658,1.8837,100,timed
d0a5ff67e269a1ac4f305c618a88ac85,11231626,7906263,3386900,32,TRUE,8.2958,8.1893,8.4841,8.3167,100,timed
6d9c587c4e9c1de570921cee9285779c,5807242,5861539,0,95,TRUE,1.5328,1.4913,1.6290,1.5483,100,timed
174c06f72389faa51a6b8153b87fd380,12989834,7790919,5284823,86,TRUE,12.7739,12.6402,12.9268,12.8019,100,timed
ebae67dbca44bd8e9edbf269ddadd76a,14032778,7906263,6218055,104,TRUE,14.8877,14.7884,15.0400,14.9042,100,timed
816a12cbf5056eebe04e7a39cdf21d0b,5367690,5421137,0,86,TRUE,1.5150,1.4726,1.7157,1.5529,100,timed
78025c0e31473a8b3b25aae04c3d43b0,4896138,4980736,0,77,TRUE,1.4174,1.3777,1.6565,1.4461,100,timed
3f8f4dab056c62a53293c2db104f73e8,1830436,3156213,0,110,TRUE,1.1994,1.1598,1.2978,1.2133,100,timed
a73457200f0d7383a3bcdd22415c0fca,32633738,8021606,24725422,104,TRUE,56.2027,56.0204,56.3742,56.2199,100,timed
c59a0ed79aeed758107f1cb22dd90432,10188682,7864320,2380267,41,TRUE,6.2208,6.1388,6.3858,6.2385,100,timed
accc89fbbf20834663bf78d836746304,2776458,2820669,0,50,TRUE,0.9141,0.8773,1.0243,0.9317,100,timed
20eb3079cc47b71a42078650fef10acb,6686346,6752829,0,104,TRUE,1.7624,1.7212,1.9032,1.7885,100,timed
a4c71eaa7d0778c6a3ac2205e8ebe6f1,5775242,5872025,0,104,TRUE,2.0013,1.9217,2.1757,2.0224,100,timed
fd19255f3c4904f64809069de5230d6b,21575050,7969177,13683916,86,TRUE,31.7156,31.5811,31.8745,31.7321,100,timed
5d7ea49c05cb125979613e066e3dbe9c,3216010,3261071,0,86,TRUE,1.2920,1.2453,1.4611,1.3257,100,timed
50828655ed13926493ba6a7b7f2b881b,2997130,3072327,0,113,TRUE,1.2013,1.1618,1.3386,1.2242,100,timed
2287179716f9f737509e545a72935d73,14196618,7969177,6322913,95,TRUE,14.9031,14.7840,14.9718,14.9021,100,timed
168e95938db8e7c52112e58c0f292079,1415050,1468006,0,50,TRUE,0.4827,0.4577,0.5082,0.4857,100,timed
5560a0022cd242a55df856129ca05f31,6686346,6752829,0,104,TRUE,1.7209,1.6861,1.9124,1.7413,100,timed
7e6f9d42149ac45cfff02a478c7ae86f,23333258,8032092,15403581,104,TRUE,35.2978,35.1341,35.3503,35.2860,100,timed
faaf733e64d40eb34c34eed272e40d9b,1166346,1268776,0,77,TRUE,0.7104,0.6791,0.8545,0.7332,100,timed
d8ebc601b5da07b82b1e0f29dbf4ffd5,3039882,3082813,0,50,TRUE,0.8523,0.8097,0.9223,0.8746,100,timed
e5cad1ddc356cbc04f10d332c725920a,10199434,8032092,2233466,95,TRUE,5.9349,5.8796,6.0024,5.9434,100,timed
675777ecb1daff61b6917d833406cb82,4358538,4424990,0,68,TRUE,1.0664,1.0357,1.2220,1.0826,100,timed
2b1027320feb50ac8ec9666faecc71d5,4301142,6186598,0,95,TRUE,1.5581,1.5272,1.6941,1.5802,100,timed
05932f264e5efffbbc8ec56d786d930f,20532106,7853834,12750684,77,TRUE,29.3866,29.2287,29.4797,29.3900,100,timed
5f14db94a47a90dd37d9f6793bdf2dc3,38969226,7895777,31163678,95,TRUE,70.6556,70.2494,70.8246,70.6664,100,timed
837f1f77737c7f262afd9d7271a99b85,13317514,7969177,5431623,68,TRUE,12.8666,12.8026,12.9914,12.8811,100,timed
7e1457ddf24845418005c21c07757841,8135050,7895777,297472,86,TRUE,1.7960,1.7415,1.9096,1.8154,100,timed
9fbcfdba7eb6a45217da1a8c3fbb3b71,3566730,3628072,0,86,TRUE,1.2062,1.1728,1.4099,1.2269,100,timed
b59d40920fd59f2b76a8ae0c5504085c,3918986,3974103,0,104,TRUE,1.4036,1.3616,1.5906,1.4383,100,timed
0b4c894ca3edffb49c77ea258aa3f72e,6510218,6574571,0,86,TRUE,1.5059,1.4689,1.6737,1.5280,100,timed
32b26a4044bf082b0ad80f5dad618d76,11231626,7864320,3428843,41,TRUE,8.3214,8.2547,8.4807,8.3431,100,timed
6974deeab04fad2934c8468d2f242171,6070666,6134169,0,95,TRUE,1.5239,1.4864,1.6389,1.5414,100,timed
e2d787062ed9ea083cbc441ea26d1c55,22454154,8021606,14522777,86,TRUE,33.3427,33.1830,33.4381,33.3464,100,timed
2a5ecf52cbbc72f82e9d3f85f3899354,2784332,3491758,0,95,TRUE,1.1945,1.1572,1.3543,1.2158,100,timed
24c4c721360d64daac9dd571817d6f6b,3742858,3795845,0,95,TRUE,1.2881,1.2418,1.4342,1.3132,100,timed
70b10fe679ce2c532a9b061c609da8bc,3818973,4771020,0,95,TRUE,1.2667,1.2278,1.3864,1.2810,100,timed
f5d1ee732533b9317ae8820af664da43,1990727,2506096,0,95,TRUE,1.0194,0.9882,1.1396,1.0400,100,timed
25096dc2986f9bd17a2d1ec37f88cfdf,15075722,8032092,7151288,104,TRUE,16.9783,16.8707,17.1232,17.0001,100,timed
f8d6fa2722e16ea30e77e7d272e78375,2810250,2873098,0,86,TRUE,1.6626,1.6253,1.8334,1.6861,100,timed
1499a73e3b84789ad556ca8303455065,24376202,7906263,16588472,95,TRUE,37.9901,37.8288,38.1565,38.0074,100,timed
c6c7a7a185bfb133dba8e90aa748aa97,13153674,8032092,5200936,77,TRUE,12.4323,12.3259,12.6157,12.4569,100,timed
4f990320c51592a8f706c332104cdf90,3479434,3533701,0,86,TRUE,1.2529,1.2236,1.3417,1.2679,100,timed
febdd80a25f81f4500840977962e6091,4358538,4424990,0,95,TRUE,1.3928,1.3440,1.5055,1.4125,100,timed
8885e8e531900b8af1393e4e45cf43d8,4445834,4508876,0,104,TRUE,1.2925,1.2617,1.3951,1.3107,100,timed
c63fcba86f8fd2f2eefaceda05d9aac8,15075722,7864320,7319060,95,TRUE,17.2899,17.1766,17.3888,17.2949,100,timed
3bb5cbe9ee50ea47f1b9d9ef8c375db9,13153674,8021606,5211422,95,TRUE,12.7859,12.7063,12.9154,12.8078,100,timed
a220b0487ff7cbcd7d9b4a2bf689bee3,3918986,3974103,0,95,TRUE,1.4585,1.4063,1.6165,1.4816,100,timed
ccdbdaf440fa55eddccfe5549892a513,14196618,7969177,6322913,95,TRUE,15.1094,15.0003,15.2610,15.1300,100,timed
90ef47dbc5f8d324099359433fbe82df,22454154,8021606,14522777,95,TRUE,33.2718,33.1532,33.3843,33.2799,100,timed
8544d4b88c215d814f921c3d27ab9715,21411210,7864320,13631488,77,TRUE,31.3400,31.1890,31.4452,31.3461,100,timed
d727d54d6c752cf42f7aded2b2cc7b80,832413,1080033,0,95,TRUE,0.8529,0.8168,0.9626,0.8710,100,timed
825e80c1557fab300e9775840161bf8e,6070666,6134169,0,95,TRUE,1.5770,1.5379,1.7136,1.5983,100,timed
1eac8b63b3ed0ebddd37682e7d2b30d4,4006282,4068474,0,95,TRUE,1.2654,1.2142,1.3630,1.2787,100,timed
7eae29ce7b118b8684f79d1b18f5ab25,3742858,3795845,0,95,TRUE,1.2270,1.1887,1.3408,1.2442,100,timed
243037e12607b17d7f6704fcee4054af,1327754,1373634,0,59,TRUE,0.8608,0.8336,0.9738,0.8815,100,timed
0648c8fbdf36f125c1f0580e5a713f5a,7695498,7748976,0,86,TRUE,1.7197,1.6540,1.8707,1.7384,100,timed
eaefd4d11cad9513a6bfbf675804983d,4576396,5683281,0,89,TRUE,1.4119,1.3524,1.5386,1.4301,100,timed
1ecb5011982f7afbbe77f62781d9890a,22126474,8032092,14187233,113,TRUE,32.5729,32.4826,32.7739,32.6066,100,timed
9d6114a69e8dd4e9fd94a4135acefe34,420361,557312,0,95,TRUE,0.8286,0.7994,0.9114,0.8428,100,timed
0e1593a94de5bc5e0ebff96ebe4e7304,16118666,7969177,8262778,104,TRUE,19.2955,19.2021,19.4639,19.3100,100,timed
de4e842d79b6e1fc0ed6e7ffd24ee52d,15075722,7864320,7319060,104,TRUE,17.2278,17.1261,17.3785,17.2432,100,timed
941745c7ff13c8da20212953c63d1d32,8135050,7895777,297472,95,TRUE,1.9224,1.8740,2.0268,1.9487,100,timed
016dcad6f7847b83fa79dc0231d5a6d5,3410512,4246732,0,92,TRUE,1.2309,1.1817,1.3364,1.2448,100,timed
ee28f560654617e3e995470c56839a77,1623077,2055208,0,77,TRUE,0.8918,0.8427,1.0480,0.9225,100,timed
a4e403d5785a95fc72191cff16a321a6,21575050,7969177,13683916,50,TRUE,31.2842,31.0701,31.4689,31.3042,100,timed
756df5b9051397eadeaa19cae9c89652,3479434,3533701,0,95,TRUE,1.2893,1.2547,1.4137,1.3086,100,timed
bc87a8607312e46c1e5b8157354e44e6,2800487,3491758,0,95,TRUE,1.1711,1.1375,1.3212,1.1876,100,timed
2ea7c78ede3d80e4b444cefca490d9d3,2903390,3638558,0,101,TRUE,1.1442,1.1107,1.2313,1.1596,100,timed
c18167dbad42bf4b495860c48908c0c8,3039882,3082813,0,50,TRUE,0.9024,0.8741,1.0337,0.9185,100,timed
a293c4916be4760f28af550f784e4062,21247370,7853834,13474201,95,TRUE,31.2779,31.1293,31.4803,31.3069,100,timed
94077873c0860ab2590b655a1889e3c3,5611402,5704253,0,113,TRUE,1.9412,1.8804,2.0641,1.9606,100,timed
03b9809587069dbdac357e57b8ff0976,3742858,3795845,0,95,TRUE,1.2155,1.1832,1.3172,1.2303,100,timed
be8770aa22f4d87e9f298e7df5bb2cec,6334090,6396313,0,95,TRUE,1.4778,1.4331,1.6357,1.5003,100,timed
eb88cca91eb77beb19f50126349a8605,2974090,3040870,0,86,TRUE,1.6877,1.6463,1.7919,1.7030,100,timed
85745917b80e88f503fafc55d3b784c2,3742858,3795845,0,68,TRUE,0.9699,0.9382,1.0922,0.9996,100,timed
9440aadf0cbb3db290a9d87591c09be9,20368266,7790919,12656312,68,TRUE,29.1294,29.0052,29.2832,29.1493,100,timed
23210bc67e4905db94d53ca2faa94683,6818186,6920601,0,104,TRUE,1.8427,1.7914,1.9504,1.8597,100,timed
2e4bceda92325ada53fd79c859247925,712074,752640,0,59,TRUE,0.7481,0.7211,0.8662,0.7670,100,timed
016a8156059966556e79d93d1c1ace0a,2800487,3491758,0,95,TRUE,1.1946,1.1430,1.3099,1.2118,100,timed
7611f5af6fe0e785fc8dddff5c56a6fe,3742858,3795845,0,95,TRUE,1.3209,1.2814,1.4090,1.3331,100,timed
0404382a6b008f0313713a0adf913655,31590794,7969177,23718789,104,TRUE,53.8627,53.7239,54.0699,53.8838,100,timed
32d110bdebe97a3ff14e41a19bc5c49b,14196618,7969177,6322913,86,TRUE,15.0280,14.9208,15.1420,15.0334,100,timed
0e46dc003e269edef361afacbb1dfec7,2151197,2726297,0,98,TRUE,1.0852,1.0265,1.1931,1.1137,100,timed
6f156ca3180367695987bd202288e4c4,7695498,7748976,0,77,TRUE,1.6395,1.5995,1.7626,1.6603,100,timed
4f95133d98f72f4dc5e6e2b7b702df89,29668746,7906263,21852323,68,TRUE,49.8688,49.7564,50.0419,49.8774,100,timed
56d2a3860a876620dc350349b3bc369a,2898236,3638558,0,95,TRUE,1.1598,1.1140,1.3362,1.1889,100,timed
2e7117d2db43f73aa5f0c11b31d551ca,7871626,7927234,0,95,TRUE,1.8326,1.7982,1.9541,1.8519,100,timed
ab4515814f7cbfdd3c0731a979042b7f,2602252,3271557,0,86,TRUE,1.0982,1.0551,1.2465,1.1156,100,timed
440eb0e6a2a15d43b7de88aa18e60432,2788239,3491758,0,95,TRUE,1.1775,1.1453,1.3227,1.1963,100,timed
a6aa499904b38cfc07eeb87621b614cb,4182410,4246732,0,104,TRUE,1.3060,1.2716,1.4086,1.3245,100,timed
ce28096baf1c8154739e6479262057e0,2503003,3114270,0,80,TRUE,1.0553,1.0188,1.2401,1.0795,100,timed
3bf3515c1fe4fc15a90822afb65853f5,5631114,5683281,0,86,TRUE,1.4294,1.3902,1.5718,1.4466,100,timed
cb61ff5026aa4280858de250a5422623,3819435,4771020,0,95,TRUE,1.3344,1.2919,1.4506,1.3514,100,timed
b03f7cb52ec8640a3b4f171a735d482e,8135050,8032092,166400,95,TRUE,1.8465,1.7943,1.9667,1.8671,100,timed
cd407f79ee6de966c8c3608ac60ea9b0,2266601,2873098,0,98,TRUE,1.0705,1.0365,1.2191,1.0972,100,timed
80ad935d4722a32b3fe83d7d1e790ede,5061514,5138022,0,113,TRUE,1.5161,1.4566,1.6511,1.5270,100,timed
626d264142ff0a011c9d1a5cac11b109,2271418,2873098,0,98,TRUE,1.0746,1.0301,1.2472,1.0963,100,timed
d6c124aba638334ac6cee7489841ffa2,10462858,8032092,2495610,95,TRUE,6.4709,6.3811,6.7013,6.4989,100,timed
3c61acace9ccb5c8d09d3993a4535e1a,12274570,7853834,4487905,68,TRUE,10.8855,10.7945,11.0475,10.9121,100,timed
a29711f5a7d0a8ec8f2e53c6bddd7964,947817,1226833,0,86,TRUE,0.7766,0.7420,0.9335,0.7949,100,timed
f559dba143654abdbcf9cbad9c1883f9,5543818,5599395,0,77,TRUE,1.4154,1.3767,1.5556,1.4398,100,timed
96ad5bd16b5c2d4501ee3e16ef2a1dd8,5631114,5683281,0,86,TRUE,1.4011,1.3568,1.5273,1.4216,100,timed
47be656fde01f5f12561adb8ffed2abf,3039882,3082813,0,86,TRUE,1.2891,1.2442,1.4505,1.3084,100,timed
30076d2dd87fd2d84f81d0e03f377c05,5983370,6039797,0,77,TRUE,1.3504,1.3117,1.4851,1.3678,100,timed
031c1f0c8c25ed2705bfb80539a6b602,3479434,3533701,0,95,TRUE,1.3488,1.3112,1.4638,1.3619,100,timed
7249d1870bf53ad0b4e2fb501d6f3896,7695498,7748976,0,86,TRUE,1.7585,1.7046,1.8596,1.7758,100,timed
3d2007d30a4f4e8292f10aef473b932c,3479434,3533701,0,95,TRUE,1.3812,1.3318,1.4820,1.3923,100,timed
15cb16810ae9474dee310a1eb9328967,3071395,3858759,0,98,TRUE,1.2495,1.1936,1.4070,1.2662,100,timed
8a67d9ba0c93eb2f70c707fc6efff028,833576,1080033,0,101,TRUE,0.8665,0.8130,0.9432,0.8779,100,timed
2a3d57754e3da2cec361d4b21d05c911,5807242,5861539,0,86,TRUE,1.5226,1.4604,1.6440,1.5367,100,timed
4c96c71603c5fff4da5c01a29484d3be,3566730,3628072,0,77,TRUE,1.0594,1.0198,1.1334,1.0699,100,timed
812c06587548f3ae3f60452b70805bd5,11946890,8021606,3995074,104,TRUE,10.2834,10.2025,10.3969,10.2954,100,timed
559021065a4066ca9f7a7137f3aa017d,10199434,7906263,2359296,95,TRUE,6.2658,6.1784,6.4594,6.2964,100,timed
b1075acb15c1416eb97ad6607cef4f3b,6949770,7025459,0,104,TRUE,1.7216,1.6648,1.8330,1.7338,100,timed
529d37700ebe8ec1fc1bf204acaf424f,19489162,8021606,11534336,50,TRUE,26.7589,26.6420,26.9344,26.7788,100,timed
7984708a06fc3e37d577f96c99c1914c,1700674,2139095,0,95,TRUE,0.9311,0.8899,1.0227,0.9456,100,timed
3efc34735e14b14fe5d6fb52c9578b76,3303306,3355443,0,86,TRUE,1.1503,1.1189,1.2907,1.1696,100,timed
d8247320433d41c895e88548b5b4820c,6246794,6312427,0,104,TRUE,1.6085,1.5683,1.7394,1.6297,100,timed
499a1e154e7a374f942c6b492a5e57ea,3830154,3890216,0,86,TRUE,1.1308,1.0962,1.2224,1.1514,100,timed
79ac0ca945869f05b1fc34f4110f67d3,975498,1021440,0,41,TRUE,0.4762,0.4492,0.5821,0.4899,100,timed
e8a5ec87a4930851f02349c0cf821dcc,21411210,7853834,13641973,86,TRUE,31.4103,31.2965,31.6551,31.4349,100,timed
c385cff57230e741416398670b9fe6c5,5631114,5683281,0,86,TRUE,1.4070,1.3736,1.6130,1.4301,100,timed
8d9bd61b19a1c7b12f72ae934f99efb0,28789642,7853834,21002977,77,TRUE,48.0161,47.8783,48.2403,48.0393,100,timed
2b92baf1c73cd1db1bc4ef791da1bfa5,19489162,8021606,11534336,68,TRUE,26.9622,26.7653,27.1369,26.9824,100,timed
907802d27f786475545b76371b5b5da9,12110730,7790919,4393533,59,TRUE,10.5571,10.4871,10.6999,10.5756,100,timed
a2b1e16ff660f631ac8f510558f5e28e,3688389,4613734,0,95,TRUE,1.2841,1.2430,1.3837,1.3101,100,timed
71a8e99338968a1b97aff372cff0f436,30711690,7906263,22900899,95,TRUE,52.3298,52.1630,52.4561,52.3342,100,timed
d7bd21d7a9ef6ce35ad0ce05ebeb1829,5543818,5599395,0,95,TRUE,1.6372,1.5805,1.8238,1.6631,100,timed
0213ed65ad672eea518d0a12474f2c95,6686346,6752829,0,113,TRUE,1.6832,1.6385,1.8076,1.7204,100,timed
2f416b94decca6f4924fa1c57ac92695,1238922,1289748,0,68,TRUE,0.7499,0.7189,0.8958,0.7700,100,timed
71e04cbfe3702dc1ed4f20821e4af3c2,6070666,6134169,0,95,TRUE,1.5231,1.4869,1.6599,1.5416,100,timed
8aacaa51eb7421d4fe918e3421437986,29832586,8032092,21883781,77,TRUE,49.9182,49.7665,50.0591,49.9301,100,timed
06648f11e4c7ba76457d113f0d3501e1,13153674,7864320,5368709,86,TRUE,12.8400,12.7610,13.0445,12.8632,100,timed
9679451bb3280c35d3c4bb2141d70694,21411210,8032092,13463715,95,TRUE,31.0501,30.9255,31.1731,31.0587,100,timed
6e1a50a62823c2d9ac528de427d2a6b3,2776458,2820669,0,59,TRUE,1.0038,0.9667,1.1279,1.0270,100,timed
48e107ec5174c8c8d943f9e2f43164b1,11067786,7853834,3271557,86,TRUE,8.4231,8.3270,8.5993,8.4501,100,timed
7638de125a87ebdd2cc2b515b4d41fc9,1756463,2202009,0,95,TRUE,1.0220,0.9859,1.1331,1.0376,100,timed
c5b401ca33000a6675406689768cecd1,12274570,7864320,4487905,59,TRUE,10.9303,10.8531,11.1070,10.9551,100,timed
66b65750b26b4418ef9639f2b929fa0f,16118666,7969177,8262778,104,TRUE,19.3802,19.2725,19.5683,19.4011,100,timed
bb324de5f249ac88fbd794a0b956bcce,3380280,5064622,0,95,TRUE,1.4582,1.4109,1.6132,1.4838,100,timed
6cc6f27008da3cd95b7e159d4e26bdb7,2903390,3638558,0,98,TRUE,1.1436,1.1075,1.2975,1.1656,100,timed
1484414f42c86d8c9715aea5385d6725,6862474,6931087,0,113,TRUE,1.8225,1.7821,1.9379,1.8381,100,timed
8b7f9b37a02fdf554fb77e97a2c4edbb,22454154,8021606,14522777,95,TRUE,33.5546,33.4073,33.7670,33.5719,100,timed
951fbeab18853b16a3b9f31f410ccc3b,30711690,8021606,22785556,86,TRUE,51.8209,51.6491,51.9282,51.8217,100,timed
8da04adf608eb22905587f461a1c3edd,2265738,2422210,0,77,TRUE,0.8876,0.8541,1.0443,0.9019,100,timed
b8f5db82f5646ced448205c7de637f33,6686346,6752829,0,104,TRUE,1.7590,1.7212,1.9321,1.7853,100,timed
09fc2d10bdd6225e167a6f81a22a3f06,2810250,2873098,0,41,TRUE,0.8278,0.7894,0.9738,0.8509,100,timed
e3988770800f3e8dc33afdccc9eaba48,421663,557312,0,68,TRUE,0.6638,0.6285,0.7550,0.6768,100,timed
a325d39cf3ac0ed2648abf7cc578e38f,24376202,7969177,16515072,95,TRUE,37.8433,37.7373,38.0361,37.8656,100,timed
d9f4c44e48ec5b137847dd1ab5cf999b,8135050,7979663,217600,95,TRUE,1.8962,1.8529,2.0353,1.9152,100,timed
232b900e952d86a83b0ff85c0a22cca0,12110730,7906263,4278190,50,TRUE,10.3978,10.2974,10.5623,10.4157,100,timed
6a7021d931aae75193905e9f45a1f825,3511588,4404019,0,92,TRUE,1.2681,1.2271,1.4499,1.2913,100,timed
79e5e51f9c2ba884e37a1419b50108f4,1238922,1289748,0,86,TRUE,0.9439,0.8884,1.0526,0.9552,100,timed
ef4e122586af81af81e59d7a5fe852b4,8311178,7906263,465408,104,TRUE,2.2898,2.2334,2.4316,2.3180,100,timed
cef008d128c549094ea1700c25d812e1,715043,924928,0,71,TRUE,0.7001,0.6617,0.8362,0.7166,100,timed
2353fb48bc457d282a97ca0952fe81cc,30547850,7864320,22775070,86,TRUE,51.8113,51.6320,51.9421,51.8172,100,timed
a2193374d95ee8c3705d8c70065389e6,12989834,8032092,5043650,68,TRUE,12.1683,12.1051,12.3008,12.1907,100,timed
53c2caa74426879d33f892af2b4149c3,30547850,8032092,22607298,104,TRUE,51.5125,51.3724,51.6058,51.5125,100,timed
b8c0df1967a82ca4f0be3e88cf2efbb6,10199434,8032092,2233466,86,TRUE,5.8398,5.7632,5.9910,5.8679,100,timed
7a531e6f76569528f9feea0a2ced6f36,7125898,7203717,0,113,TRUE,1.8013,1.7609,1.9042,1.8099,100,timed
df19b7e9308a78486fa0b0374507f987,19489162,7790919,11765022,50,TRUE,27.1350,27.0163,27.2765,27.1469,100,timed
54cbad9f4badfda552f47b5c8aad5137,3479434,3533701,0,86,TRUE,1.1923,1.1577,1.3433,1.2142,100,timed
1f941406ab56a639aa09655485551228,1007260,1289748,0,89,TRUE,0.8734,0.8151,1.0152,0.8928,100,timed
2149da2d47575fcb253d4999f2b5e97c,12825994,7790919,5117050,113,TRUE,12.3511,12.2432,12.4976,12.4023,100,timed
d0f44e2dbf36429f1fe1ce50dc8eeed4,7125898,7203717,0,113,TRUE,1.7222,1.6947,1.8342,1.7410,100,timed
6bb3a5f158c57162b2a9671a1402725f,1931146,1981808,0,32,TRUE,0.6745,0.6469,0.7386,0.6882,100,timed
ebac81bdb8f5d131644eef19005ea271,2030730,2086666,0,77,TRUE,0.9053,0.8773,0.9481,0.9155,100,timed
fd83b620cd62fa6e920ad14214ae9dc8,22454154,7864320,14680064,77,TRUE,33.6410,33.4451,33.8359,33.6655,100,timed
6f6f173e3c0fa9ce47f9c0ed91264a3d,12110730,7864320,4320133,77,TRUE,10.5227,10.4599,10.6603,10.5526,100,timed
999343ba2fa65de082920986f582ef16,12274570,7969177,4372561,86,TRUE,10.7678,10.6867,10.8833,10.7736,100,timed
4245cf188529ab9dfb9f6ed42cf166fd,13317514,8032092,5368709,77,TRUE,12.9151,12.8184,13.1148,12.9533,100,timed
51832d14df0d1d5b0ef56dceeb63cae5,22454154,8021606,14522777,95,TRUE,33.5442,33.3899,33.6611,33.5544,100,timed
6ef23dc67b0326c9a53e757dcc44cdee,23333258,7790919,15644753,104,TRUE,35.9555,35.8287,36.1438,35.9641,100,timed
27869617a9bfc0da5f109c84c4a939c7,21411210,7853834,13641973,95,TRUE,31.4785,31.3562,31.6889,31.4986,100,timed
500b6b24be5e01566f7a24a1b3ddbf99,5631114,5683281,0,77,TRUE,1.3917,1.3499,1.5436,1.4123,100,timed
4bdd9640c37f761d912bd5275b0f71df,3742858,3795845,0,95,TRUE,1.2894,1.2405,1.3965,1.3099,100,timed
a6953265167b76e2ecab4eb0afad6a3d,2665799,3334471,0,95,TRUE,1.2033,1.1698,1.3672,1.2313,100,timed
a38ce90687a1f0d4d58ef9df300c4dc1,8574602,8032092,610304,95,TRUE,2.5168,2.4613,2.6825,2.5501,100,timed
6047adcded92b5d8126a9cc34054624b,20532106,7906263,12698255,41,TRUE,29.2132,29.1178,29.4313,29.2445,100,timed
110619da4fafebfc831b21d26343a230,1578289,1992294,0,77,TRUE,0.8676,0.8359,0.9715,0.8857,100,timed
af5a3a68e1353171ac670fe843660132,22290314,7853834,14533263,104,TRUE,33.4027,33.3299,33.5313,33.4206,100,timed
d60b34a41e93a34223bbe48371ead7d3,3534199,4404019,0,89,TRUE,1.2524,1.2226,1.3930,1.2729,100,timed
f0a9ffead5896eb67f55e754b787df34,1415050,1468006,0,95,TRUE,1.1272,1.0761,1.2270,1.1362,100,timed
af92509333e1f98b963251ce6f2011e3,4621962,4687134,0,113,TRUE,1.3530,1.3106,1.4728,1.3719,100,timed
ba913daa2e7faa0619ceea5b3b7db9bc,1678474,1730150,0,95,TRUE,1.0041,0.9647,1.1092,1.0204,100,timed
3cbfa9553b6dc916464f5015bf8b3ca0,1577512,1992294,0,95,TRUE,0.9453,0.9070,1.0705,0.9621,100,timed
451cb41d3d50e2e07e18f4ff81009276,4358538,4424990,0,104,TRUE,1.4915,1.4292,1.6847,1.5141,100,timed
17231e3e4bdb695ba7f4938fe4bb313f,1300746,1415577,0,77,TRUE,0.6958,0.6297,0.7927,0.7074,100,timed
d64330dd1ea0541471bfa08f9d7ad009,10188682,7853834,2380267,59,TRUE,6.4083,6.3204,6.5301,6.4242,100,timed
daa04c99428f1e8e209b044925bbe453,23497098,7906263,15697182,95,TRUE,36.0223,35.9122,36.2094,36.0500,100,timed
0c89700597ad3662c85d1a1457ca94c2,7432074,7486832,0,86,TRUE,1.8343,1.7955,1.9823,1.8504,100,timed
a86dde299f89b29f81573ed9e5a93999,5807242,5861539,0,95,TRUE,1.5201,1.4783,1.6754,1.5446,100,timed
f2cc97433654486df6c963e51f4dfd6f,13153674,8032092,5200936,59,TRUE,12.4828,12.3946,12.6636,12.5019,100,timed
6e66c8882a44d6d79613c399271aaa33,8750730,8032092,786432,104,TRUE,2.8815,2.8135,2.9629,2.8856,100,timed
68c6827857da65b3fa6ca5a0f6998255,3853194,3921674,0,95,TRUE,1.7457,1.6959,1.8916,1.7650,100,timed
1f5dd39f87696e1919815c0f2bfe69fc,14360458,7969177,6480199,77,TRUE,15.2453,15.1457,15.4623,15.2717,100,timed
81f5a40841c2dfc0dcad2cf76c88e80e,712074,752640,0,41,TRUE,0.5551,0.5223,0.6639,0.5783,100,timed
cd17cc7975a3b4f0b73facf850d79c18,9014154,8032092,1059061,104,TRUE,3.3275,3.2600,3.4221,3.3408,100,timed
e87bdd0d8c14d7bb29f7943e86b94da2,6510218,6574571,0,104,TRUE,1.5444,1.5072,1.6809,1.5600,100,timed
72cdfc295aa3c7e452a9480c570e4d5d,2738242,3418357,0,86,TRUE,1.0650,1.0273,1.2187,1.0876,100,timed
f30caa74b7fb37f137530a80d57497f3,3825366,4771020,0,95,TRUE,1.3233,1.2829,1.4531,1.3417,100,timed
b6cfe6189f05c33821cb9d0df417a8fc,14032778,7864320,6259998,104,TRUE,14.9249,14.7935,15.0635,14.9431,100,timed
4df77cc17c3da268de7f2566927bcf22,22617994,7895777,14816378,77,TRUE,33.9517,33.8202,34.0790,33.9617,100,timed
e09c915a4a4798c2bb9bc2d2222887de,888202,928768,0,59,TRUE,0.6993,0.6749,0.7892,0.7165,100,timed
32c96c20bcb45d11e569ec63a3aafb3d,5631114,5683281,0,59,TRUE,1.1770,1.1348,1.3097,1.2033,100,timed
ebc4564768c3236c93f2b21f02e0ddd3,8135050,8032092,166400,95,TRUE,1.8825,1.8333,2.0046,1.9271,100,timed
0934382716064e95d27691330b30253c,5104266,5148508,0,86,TRUE,1.5886,1.5484,1.7733,1.6140,100,timed
da64b84922d9d2bbaf218f3c42eb69c8,3382107,5064622,0,98,TRUE,1.4484,1.4012,1.6102,1.4688,100,timed
e7f31293566724324d3ccc875f097f01,2776458,2820669,0,41,TRUE,0.8442,0.8084,0.9447,0.8660,100,timed
1f7d9e17259b6fbd22a3f062aee0707f,23333258,7864320,15571353,95,TRUE,35.7182,35.6068,35.8445,35.7357,100,timed
04a50cabdbd9327c5a9cd2426e95fc9f,1591178,1646264,0,68,TRUE,0.8893,0.8561,1.0228,0.9105,100,timed
d6f3d6ba803c8de082ac11bf70ac7b43,3742858,3795845,0,95,TRUE,1.2498,1.2080,1.3482,1.2634,100,timed
f8e7dff2bc55b4f3b4d911787fa5ee06,22454154,7895777,14648606,95,TRUE,33.8193,33.6883,33.9455,33.8247,100,timed
19a7627b5a32093b415f7837ab27e5cd,3365427,5064622,0,95,TRUE,1.4262,1.3862,1.5991,1.4534,100,timed
1dc4b0379b65b432b148aeed88fc6504,2857003,4445962,0,101,TRUE,1.3491,1.3112,1.4331,1.3646,100,timed
74430d913c2550db7eded985b42dbfc3,4095114,4152360,0,113,TRUE,1.4676,1.4173,1.5665,1.4833,100,timed
f3b6690740bd363db9f2ec37ed01bd12,1615242,1740636,0,77,TRUE,0.8965,0.8599,1.0751,0.9270,100,timed
1ec8f6c2cee11678ee2390c9a260756d,5631114,5683281,0,86,TRUE,1.4351,1.3929,1.5496,1.4531,100,timed
69981a1f9489145abde585d9b4e47ab0,3216010,3261071,0,77,TRUE,1.1533,1.1146,1.2785,1.1675,100,timed
0b08e23e6e8b9337416ee884a50d577a,946570,1036288,0,68,TRUE,0.7274,0.6945,0.8359,0.7423,100,timed
2a0e13ead6ab55828814b273435fc75e,31590794,8021606,23676846,104,TRUE,53.8109,53.6351,53.9919,53.8334,100,timed
5298f5d306fd2e28bdf51009b4366933,5104266,5148508,0,50,TRUE,1.1586,1.1223,1.2977,1.1824,100,timed
5498ba534c256c9d086596e2b51cf170,3216010,3261071,0,59,TRUE,0.9713,0.9261,1.1242,0.9905,100,timed
e11345336a258038a60b4ee14b0b63ec,1740447,2202009,0,86,TRUE,0.9741,0.9339,1.0587,0.9894,100,timed
44bad87ab79a3a52454df027b78239d6,13317514,7969177,5431623,86,TRUE,13.1133,13.0123,13.2730,13.1387,100,timed
246b7cbd9e3cf0a489eaf9c4a1da7259,15075722,7864320,7319060,104,TRUE,17.3551,17.2763,17.4558,17.3629,100,timed
0a717117beece9157e67f6eb75517763,2205322,2275409,0,95,TRUE,0.9177,0.8782,1.0346,0.9525,100,timed
845a4b654acb7d14b25138c4d792eb74,12989834,7853834,5221908,104,TRUE,12.5777,12.4672,12.7161,12.5955,100,timed
16225523801005dd8ea21f1ef27c0310,13868938,7864320,6102712,113,TRUE,14.7228,14.6216,14.8500,14.7366,100,timed
6790a334e6b6c6547a7526fb9bfec9ec,29668746,7780433,21967667,95,TRUE,50.1890,49.8764,50.3698,50.2089,100,timed
89cb2b3dd91a73e067eea4b1b67e033d,8311178,7906263,465408,104,TRUE,2.2377,2.1961,2.4011,2.2609,100,timed
fc0a8da602b989aa622f1f3428b34d23,4896138,4980736,0,95,TRUE,1.6772,1.6315,1.8022,1.6946,100,timed
d8f10eace4b69883d6652114c7d3431d,14032778,7864320,6259998,104,TRUE,15.1259,14.9915,15.2661,15.1409,100,timed
5e11a5dd66f2fe5785675625e3df818a,3410512,4246732,0,92,TRUE,1.3142,1.2773,1.5174,1.3401,100,timed
6e0dbd705172b517f094c9a75db5b7c4,5807242,5861539,0,95,TRUE,1.6121,1.5715,1.7724,1.6390,100,timed
38da11ee56783f9cff5ecdfa0607cbad,1591178,1646264,0,86,TRUE,1.0575,1.0120,1.1430,1.0656,100,timed
fc42aef154235f2c6cc2b2a55df465b8,4182410,4246732,0,104,TRUE,1.3353,1.2971,1.4917,1.3531,100,timed
2796f1f6b3bc126233b45ddecb92ff18,1988123,2506096,0,101,TRUE,1.0100,0.9763,1.1380,1.0327,100,timed
57c7dedb40b94aab13305268fd0327d7,3918986,3974103,0,104,TRUE,1.3443,1.2956,1.4904,1.3599,100,timed
9be41c6cf6d0d5c24f123ede691165ec,3742858,3795845,0,95,TRUE,1.2140,1.1760,1.6428,1.2748,100,timed
ebace7e7ec5181756a89450508986151,5631114,5683281,0,77,TRUE,1.3844,1.3560,1.5751,1.4156,100,timed
7d9741575b0be783a7e67bf2185d60c9,12274570,7853834,4487905,77,TRUE,10.9911,10.8945,11.1559,11.0048,100,timed
771a888531d1c59b6c81308ef2a8dad7,11231626,7790919,3502243,41,TRUE,8.5459,8.4633,8.6711,8.5697,100,timed
1b52eedea10c86e566841c87ddfe4125,2619709,3271557,0,86,TRUE,1.1401,1.0658,1.2539,1.1572,100,timed
d9a6295bbadec2b1101b82fcb37e49b8,12110730,8021606,4162846,95,TRUE,10.4353,10.3553,10.6381,10.4638,100,timed
25f9518d1d78d0afa6973598504514c1,3303306,3355443,0,68,TRUE,1.0746,1.0287,1.2383,1.0945,100,timed
7a619819a92582cb90e72bcfcf59bf05,2632765,4141875,0,107,TRUE,1.3566,1.3198,1.5546,1.3779,100,timed
49a9d8dfd3aec23d3272a62ec606532b,12110730,7906263,4278190,68,TRUE,10.5745,10.5007,10.7042,10.6016,100,timed
31ea6f9a914eea7927d80d4574acdf7a,3517519,4404019,0,86,TRUE,1.2859,1.2427,1.7148,1.3421,100,timed
25b8b63322b04bdb25b851c263b2dc42,6070666,6134169,0,86,TRUE,1.4266,1.4009,1.5329,1.4435,100,timed
97889eea40097070385170769c219cbf,24212362,7906263,16420700,113,TRUE,37.6499,37.5386,37.8216,37.6655,100,timed
c31fc88bf3c0becde256e1b15e057305,3479434,3533701,0,86,TRUE,1.2657,1.2233,1.4385,1.2942,100,timed
fc0a95d2974d93a2e7b14ffa24579e3a,12966794,8032092,5012193,95,TRUE,12.2029,12.1094,12.3289,12.2063,100,timed
69889310ffdbb4feaa38a8bf64d33be0,3742858,3795845,0,95,TRUE,1.2175,1.1853,1.3633,1.2362,100,timed
ccf80617af17d98c352294ee869a9c2d,11946890,7853834,4162846,104,TRUE,10.5015,10.4036,10.6871,10.5196,100,timed
a6e1161e28c87f691606f452cbd2625f,8398474,8032092,434688,95,TRUE,2.1446,2.0952,2.2455,2.1578,100,timed
cd977eada26c27f906700012e6b554df,1678474,1730150,0,95,TRUE,0.9502,0.9145,1.1418,0.9723,100,timed
8b2e434cce492e217d6e82c44a6de814,1415050,1468006,0,95,TRUE,1.0634,1.0297,1.2057,1.0792,100,timed
842cd6998525233fe308e28fb49186e6,5631114,5683281,0,68,TRUE,1.3090,1.2718,1.5003,1.3318,100,timed
bd827b56353a16aca75736cd910b049a,5543818,5599395,0,86,TRUE,1.5199,1.4779,1.6367,1.5358,100,timed
90d41553c012f05a35e0fd41d5b68295,21411210,7864320,13631488,95,TRUE,31.6350,31.4955,31.7490,31.6408,100,timed
8cde6d91c55887e02d1e539a4158519d,12274570,7906263,4445962,41,TRUE,10.6612,10.5754,10.8005,10.6779,100,timed
6121a9c53be4670899be1b8e2d6917f3,10188682,7790919,2453667,41,TRUE,6.3442,6.2470,6.5008,6.3627,100,timed
31d1039b23e8e5454fcc96406b9c94e5,1151626,1195376,0,59,TRUE,0.6765,0.6396,0.7698,0.6889,100,timed
e4c6dbcf55cae25268c414a0bdc621ec,888202,928768,0,32,TRUE,0.7196,0.6703,0.7991,0.7295,100,timed
9e6133c934fc1024fffdc13ab5bda45b,2810250,2873098,0,68,TRUE,1.2952,1.2394,1.4281,1.3147,100,timed
b9004ebdd029b077bc3e6cdb7da692d4,2974090,3040870,0,50,TRUE,0.9952,0.9510,1.1140,1.0106,100,timed
8a666b281d20242f496975081b2e601a,8135050,7979663,217600,95,TRUE,1.8719,1.8273,2.0637,1.9018,100,timed
4331dcea84aac5eee8903a76697406c3,3853194,3921674,0,59,TRUE,1.1357,1.1058,1.2876,1.1567,100,timed
25a0e9ef34153e7ebbc2859b240a8aa4,3689354,3764387,0,104,TRUE,1.9413,1.8935,2.0616,1.9552,100,timed
d90d77bd03a3eae63cb33212bc576b1c,14196618,8032092,6259998,95,TRUE,14.7683,14.6763,14.9401,14.7906,100,timed
0e31775732548b0c90d80a6bd2f9154d,10023306,8032092,2055208,77,TRUE,5.4945,5.4244,5.6681,5.5219,100,timed
741fdfc112c0a7235400077190707940,5543818,5599395,0,68,TRUE,1.3188,1.2667,1.4364,1.3451,100,timed
5c5e966af0655bb6e4798ffebaa6e9d3,7697290,7811891,0,113,TRUE,1.9958,1.9372,2.1599,2.0172,100,timed
860569af9621d6745663a2956c5191ad,6070666,6134169,0,95,TRUE,1.5332,1.4840,1.6795,1.5494,100,timed
c0d64000c3795c929f097aa01953244b,3039882,3082813,0,68,TRUE,1.0870,1.0347,1.2169,1.1083,100,timed
81653de2d99676fa3d377640124a73ab,1591178,1646264,0,59,TRUE,0.7971,0.7493,0.9315,0.8148,100,timed
886abf4ac14e23ff82b11794328a3547,22454154,8032092,14512291,95,TRUE,33.3865,33.2264,33.5919,33.4014,100,timed
e67378a54a25f33ee0ebd4758b268749,12110730,7864320,4320133,59,TRUE,10.3990,10.3134,10.5130,10.4099,100,timed
f499c2a70fcae3d1ea881fa45d07e2b4,3742858,3795845,0,86,TRUE,1.1952,1.1506,1.3927,1.2268,100,timed
2ce34fada9900cdbd52a7d113f4b7055,1577512,1992294,0,86,TRUE,0.9628,0.9215,1.1637,0.9887,100,timed
adb0222a55502bc995c9423c5a6a81c7,421663,557312,0,83,TRUE,0.7731,0.7360,0.8641,0.7949,100,timed
5dca441cabeb96bd96af5c8dc540e3b1,2780880,3491758,0,98,TRUE,1.1760,1.1221,1.3561,1.2029,100,timed
682e8c26332f87690f20b44750be28eb,3039882,3082813,0,77,TRUE,1.2026,1.1625,1.3724,1.2307,100,timed
e8f745e783f883609a4aec032a322e82,2381450,2453667,0,95,TRUE,1.0166,0.9861,1.2251,1.0464,100,timed
654692dd64411ca0a2cc2ee12897f201,1151626,1195376,0,59,TRUE,0.6687,0.6321,0.7670,0.6835,100,timed
92a5631bab282fb916ce1bb17226e868,12989834,7790919,5284823,104,TRUE,12.7470,12.6574,12.9294,12.7770,100,timed
488f9cf59231ef9cfe99a8a167ebab52,32469898,7864320,24725422,113,TRUE,56.1062,55.8733,56.2389,56.1232,100,timed
b34c0272bee36b6fbd2971734b2e0a63,4896138,4980736,0,77,TRUE,1.4427,1.4053,1.6329,1.4763,100,timed
4531192adce55781b30058b1472f145c,6246794,6312427,0,86,TRUE,1.5992,1.5553,1.7204,1.6145,100,timed
c807e9fcfe33f4affc82bf6c0e60f453,12274570,7864320,4487905,59,TRUE,10.7258,10.6681,10.8110,10.7372,100,timed
f1f3b13f2bd9902b17b99e2e5c3793cf,2903390,3638558,0,95,TRUE,1.1686,1.1286,1.2482,1.1766,100,timed
8a8c599255733293cca58f201eb56bdf,2796383,3491758,0,95,TRUE,1.2121,1.1631,1.3524,1.2386,100,timed
043721b9c7fe8c5fad811d47d83132ec,888202,928768,0,14,TRUE,0.3898,0.3562,0.4369,0.3978,100,timed
8cb3a764fd692371153c2c8503f840e0,11067786,8032092,3093299,50,TRUE,7.7331,7.6384,7.9294,7.7479,100,timed
18717f525fd1554aea7a0ec9907b633a,1740447,2202009,0,95,TRUE,1.0712,1.0115,1.2828,1.0960,100,timed
4e1268021f7b3b4b8c5d2a78d7fd158a,1767306,1814036,0,95,TRUE,1.8381,1.7871,2.0197,1.8665,100,timed
7a7df354c9ed7699de9797a3c8de2391,13153674,7853834,5379194,95,TRUE,12.9556,12.8680,13.0904,12.9715,100,timed
2f0e3ffd9e4576589b4a0a21bf2bf01d,2974090,3040870,0,41,TRUE,0.8655,0.8249,1.0337,0.8860,100,timed
b8ac1fcbc2fca0dfc45a99652b502843,5631114,5683281,0,86,TRUE,1.4848,1.4434,1.7985,1.5294,100,timed
43fc3bf243c6371bfcc4e94173803ba0,712074,752640,0,50,TRUE,0.6519,0.6141,0.7740,0.6669,100,timed
50f547237914d4118edd8914803ddbdc,6686346,6752829,0,104,TRUE,1.7818,1.7386,1.9303,1.8055,100,timed
fa9d6216024458ea636b391ba8d4d9a2,2269591,2873098,0,89,TRUE,1.0014,0.9528,1.1636,1.0204,100,timed
276d9b262722e4cb6391dc9fed698aa7,24376202,7969177,16515072,104,TRUE,37.6712,37.4519,37.8532,37.6747,100,timed
6de8637c0412a2ba7c41625f911597b5,2776458,2820669,0,41,TRUE,0.8095,0.7757,0.8940,0.8228,100,timed
8b9be5d95d30991c3858fe0024905d8a,6686346,6752829,0,113,TRUE,1.6716,1.6346,1.7780,1.6895,100,timed
2ac790ea15872d689a7c1dde78d435fd,13153674,7790919,5452595,68,TRUE,12.9477,12.8311,13.0846,12.9598,100,timed
bc09be64afbb2ccb28cde3bcae556f67,3742858,3795845,0,77,TRUE,1.0937,1.0468,1.2067,1.1098,100,timed
cafd85f3e54ce4216301777d4b10419a,5150908,6417285,0,101,TRUE,1.5097,1.4697,1.6434,1.5269,100,timed
d1269d9156ddc027c40473008192958a,1931146,1981808,0,23,TRUE,0.5479,0.5210,0.6527,0.5616,100,timed
c72b3071edd01d4d832b3385d105c706,4732298,4812963,0,95,TRUE,1.6985,1.6602,1.9821,1.7291,100,timed
c2b9f32e44695e1371c6926c406b9871,7213194,7287603,0,104,TRUE,1.6549,1.6193,1.8006,1.6748,100,timed
4e6cf515798f35616a83b2c39d10d251,20532106,8021606,12582912,77,TRUE,29.1517,29.0389,29.3678,29.1783,100,timed
173b06d79e4c725a3c7bb7d2d1a05177,2794695,3491758,0,95,TRUE,1.1689,1.1369,1.3020,1.1902,100,timed
ee8008368a7c68c918635cc8bd6bef24,3742858,3795845,0,77,TRUE,1.1218,1.0834,1.2393,1.1387,100,timed
77511ebad54fd5cd1ecf8dc29db36772,21575050,8021606,13631488,77,TRUE,31.4675,31.3528,31.6333,31.4787,100,timed
a69d0383a5e9bc079f0f1db3664d7445,1700674,2139095,0,77,TRUE,0.8761,0.8449,1.0478,0.8997,100,timed
03285238b082a745991a143294b28878,1870892,2359296,0,95,TRUE,1.0207,0.9924,1.1648,1.0381,100,timed
80085ddd7dff0364c3e10ac6a704758f,975498,1021440,0,50,TRUE,0.5759,0.5495,0.6605,0.5894,100,timed
fec1892b1361b3b2a5b9e5275c65e15b,8838026,8032092,879104,104,TRUE,2.9710,2.9131,3.1183,2.9917,100,timed
dd23734c1a919843f0268d96a0445e97,830586,1080033,0,80,TRUE,0.8034,0.7746,0.9416,0.8291,100,timed
72e05c25b5a8771bf76e9125182dd07e,583050,657408,0,77,TRUE,0.6645,0.6426,0.8246,0.6874,100,timed
b4c0b02c5dcd1b49a7b47be99a3e0fda,8135050,8032092,166400,95,TRUE,1.8471,1.7881,2.0350,1.8823,100,timed
842c29188050053fcea49339bb043deb,40891274,8021606,32988200,104,TRUE,74.6804,74.4727,74.8487,74.6888,100,timed
434730abe97b96cec671a5ca2f9be8d7,3820440,5630853,0,104,TRUE,1.5869,1.5464,1.7077,1.6025,100,timed
5571641268b26e2ff4f407605937d677,28789642,7853834,21002977,86,TRUE,48.0414,47.8550,48.1965,48.0550,100,timed
2b793391542d1c3feb8480612fe8f236,4269706,4341104,0,86,TRUE,1.0655,1.0306,1.2283,1.0864,100,timed
91918ea9f4e4b7db350e8cb1dcc8f0c2,6070666,6134169,0,86,TRUE,1.4347,1.3985,1.5623,1.4836,100,timed
6b388c0562e2862c12426814f82479d3,1151626,1195376,0,86,TRUE,0.9978,0.9644,1.1332,1.0185,100,timed
82689451fc85eacd865316b68270b01c,4709258,4781506,0,95,TRUE,1.1530,1.1161,1.2944,1.1833,100,timed
08677281806ea9c8ea2451ce3093e9c3,888202,928768,0,50,TRUE,0.6044,0.5765,0.7105,0.6181,100,timed
75d640430a93c0904cfcd3d62d2df91e,22290314,7853834,14533263,104,TRUE,33.5872,33.4879,33.7476,33.6066,100,timed
ee2da367688cdf6ca0f971c50af1daec,1876173,2359296,0,98,TRUE,1.0309,0.9805,1.1336,1.0486,100,timed
aa04a8cf3948a0eda70280b9e015e896,5983370,6039797,0,95,TRUE,1.5593,1.5206,1.6796,1.5755,100,timed
a45a0a1645289de5a6482c35ad9f185a,10199434,8032092,2233466,95,TRUE,6.0125,5.9120,6.2174,6.0365,100,timed
188ca2126f2621e2f367864d15117356,5807242,5861539,0,86,TRUE,1.5317,1.4623,1.7784,1.5716,100,timed
59c079a6b83ce37e682105a135eca195,13153674,8032092,5200936,68,TRUE,12.5344,12.4497,12.6801,12.5519,100,timed
02c17e732f082022a8bba0a62c6519a0,13153674,7864320,5368709,95,TRUE,13.0541,12.9770,13.1513,13.0683,100,timed
b11ebfad8525cd6f388d1c36eb981a68,5807242,5861539,0,95,TRUE,1.6073,1.5588,1.7626,1.6335,100,timed
1e174f53f1f1ab7f67f3117c88f06469,31590794,7790919,23907532,104,TRUE,54.3889,54.2508,54.5141,54.3915,100,timed
76e95ff773019375ce55737d623dea78,2810250,2873098,0,50,TRUE,0.9674,0.9296,1.1020,0.9836,100,timed
6e7a1dc16a081a750ba3e0f842e50038,24376202,7969177,16515072,95,TRUE,37.8311,37.7138,37.9820,37.8490,100,timed
d00cb2ba1a0856ac5d8cd5ed7ecf5d31,2118026,2181038,0,104,TRUE,1.0568,1.0041,1.1427,1.0686,100,timed
512cd9a356825574885d92ab58846b0a,3479434,3533701,0,95,TRUE,1.3037,1.2772,1.4698,1.3420,100,timed
61ef98af9a58bd3bda7abab8e83cb7be,8135050,8032092,166400,95,TRUE,1.8726,1.8389,2.0494,1.9004,100,timed
7d968619cd79b2da79057a364affc9d0,4269706,4341104,0,95,TRUE,1.1910,1.1478,1.3626,1.2180,100,timed
316eef4bcc20e9a3f7ca6f32b4600e58,6246794,6312427,0,104,TRUE,1.6323,1.5764,1.7635,1.6480,100,timed
39c4afd24c18527c27e3bd4920c0187c,3479434,3533701,0,95,TRUE,1.3146,1.2556,1.4495,1.3323,100,timed
8052f7a6ed5070e58dc4afc69b0ee1b0,22454154,7969177,14575206,86,TRUE,33.4145,33.2499,33.5351,33.4226,100,timed
0970f440a3f00ae09ecdb6f5d27540e3,7871626,7906263,23040,95,TRUE,1.9013,1.8489,1.9890,1.9134,100,timed
6ae70ab8fa9f291a32aa94691e7489f0,5104266,5148508,0,86,TRUE,1.6198,1.5814,1.7883,1.6431,100,timed
1c5e924cca660d3ff445a2f34da5e7d9,3704544,4613734,0,104,TRUE,1.3194,1.2747,1.4119,1.3277,100,timed
d5d6397dc8e7a07441d565662a61bef3,1069340,1373634,0,95,TRUE,0.8500,0.8049,0.9626,0.8732,100,timed
ced73e7c7eb9feede7cbb95e3747a3f8,2885547,3638558,0,95,TRUE,1.1652,1.1224,1.2735,1.1804,100,timed
f61401f2699068bc34583065c0f82d09,22454154,8032092,14512291,86,TRUE,33.3983,33.2429,33.5767,33.4102,100,timed
71269c92a7f4e2672144d06e336513e7,3742858,3795845,0,95,TRUE,1.2371,1.2021,1.4138,1.2723,100,timed
5c634822c6a87824df00040e36f54d1e,5631114,5683281,0,77,TRUE,1.3861,1.3461,1.5084,1.4045,100,timed
2c6d2b337e4e88e1b95b956eeb25a765,6246794,6312427,0,104,TRUE,1.5851,1.5312,1.6941,1.6027,100,timed
feed1719cca17d0201582220097bc1fc,5807242,5861539,0,86,TRUE,1.4753,1.4420,1.6232,1.5044,100,timed
71485c6997c3c684e23aae3ab1bb18a2,7125898,7203717,0,113,TRUE,1.7910,1.7385,1.9296,1.8089,100,timed
2bbd45993be265cb509161b6d75c8d92,14032778,7853834,6270484,104,TRUE,14.9820,14.9015,15.1636,15.0061,100,timed
e93033cedc8cb8fde8def99187fa9a90,2619709,3271557,0,68,TRUE,0.9655,0.9271,1.1086,0.9818,100,timed
da88316c603c5c0acac90a5ed06d7d9b,656650,858368,0,89,TRUE,0.8277,0.7857,0.9644,0.8405,100,timed
a6e84cf206a71c1940c740e786109d4f,4182410,4246732,0,95,TRUE,1.2349,1.1965,1.3578,1.2508,100,timed
bfeb1695ef0d4465d162ef0b8b816ae8,1151626,1195376,0,95,TRUE,1.1023,1.0522,1.2167,1.1197,100,timed
b5c67e246aa1b13c2a1f368cfaf3705e,2784984,3491758,0,95,TRUE,1.1513,1.1079,1.2727,1.1665,100,timed
1afab1094896c3d6eee4534861682aea,3534199,4404019,0,89,TRUE,1.2763,1.2180,1.4485,1.3050,100,timed
ec63a326161d51fac57d66ea463d1b8e,13153674,7853834,5379194,95,TRUE,13.0414,12.9522,13.2155,13.0815,100,timed
a704c75bbf81b843921b5ee8af791181,3742858,3795845,0,68,TRUE,0.9849,0.9451,1.1064,1.0074,100,timed
64e617b3d07537e40a3af1e46f04149c,6070666,6134169,0,86,TRUE,1.4493,1.4059,1.5734,1.4650,100,timed
a07a490140e123780a8fee1688207e19,22454154,7853834,14690549,95,TRUE,33.6951,33.5715,33.8490,33.7121,100,timed
e9cd98d393a4efa49904cd6b43ab9f50,14032778,8021606,6102712,104,TRUE,14.7000,14.6087,14.8683,14.7230,100,timed
51b99f4f4cc6fcf0efc37add54f2f0e8,10638986,7906263,2810183,86,TRUE,6.9669,6.8735,7.0457,6.9753,100,timed
0a3bcce1bdb5ad9e9809e6dae4ef451d,3479434,3533701,0,77,TRUE,1.1307,1.0895,1.3306,1.1628,100,timed
2105e2560b24d9f593f378f60564da62,1813801,2285895,0,95,TRUE,0.9272,0.8783,1.0500,0.9526,100,timed
758626711dd560be553c20e73ba23f30,22454154,8032092,14512291,95,TRUE,33.3072,33.1825,33.5744,33.3351,100,timed
2570684e6c93beef23eba988fc127e25,12110730,7864320,4320133,68,TRUE,10.5622,10.4485,10.7084,10.5691,100,timed
97a871e1febc99c32b5744dbd658d2cd,20532106,7895777,12708741,77,TRUE,29.5162,29.4240,29.6219,29.5322,100,timed
08f1aa9d78d7a077b3691e61b60cc315,7861130,7979663,0,104,TRUE,1.8553,1.8218,1.9615,1.8722,100,timed
257bbcabebeac5cf4a05d90f7c40e153,8574602,8032092,610304,77,TRUE,2.3899,2.3359,2.4944,2.4016,100,timed
ae8226a2141935fa6950cecd98eaa005,4182410,4246732,0,104,TRUE,1.3318,1.2861,1.4723,1.3505,100,timed
f5b9b79adb114a4a6944c0b46fa1aff0,22290314,7864320,14522777,95,TRUE,33.4408,33.2956,33.5852,33.4608,100,timed
9c9e127b5d94aaad1a511c080df7a376,30875530,7969177,22995271,68,TRUE,52.2505,52.0601,52.4158,52.2719,100,timed
74c556c77a4f772445c11f8ee8496d80,13317514,7969177,5431623,77,TRUE,13.0128,12.9083,13.1652,13.0462,100,timed
784c6b907ef3777f5773e13da3f13f2a,5894538,5955911,0,86,TRUE,1.4168,1.3792,1.5502,1.4338,100,timed
c89315c072ad822ce7010bca146fbecc,5367690,5421137,0,59,TRUE,1.1904,1.1555,1.3217,1.2067,100,timed
470e00408601e3cc9760a6f80b47fbfa,2503003,3114270,0,89,TRUE,1.1042,1.0678,1.1932,1.1155,100,timed
216b95c163d04dd694c711adfcb33a2f,1415050,1468006,0,86,TRUE,0.9781,0.9421,1.0848,0.9911,100,timed
5d4190fd89bb23037c68bfde193c77bf,9014154,8032092,1059061,104,TRUE,3.2757,3.2040,3.4213,3.2935,100,timed
cd26e0df01ed71630181ef4a14bec2a7,4006282,4068474,0,86,TRUE,1.1472,1.1028,1.2372,1.1559,100,timed
0aa38cacf8f33fe81fe44d932636e9f2,8398474,8032092,434688,95,TRUE,2.1307,2.0842,2.2874,2.1634,100,timed
4ab922c1cec7a01d4d87a674e10c731c,8574602,7979663,660992,104,TRUE,2.6281,2.5777,2.7799,2.6545,100,timed
a71e4989d59440b14d17f2e51c4beb8e,7432074,7486832,0,77,TRUE,1.7471,1.6715,1.8796,1.7716,100,timed
f38b7aac62ef3b0c7660c515ec9a2e67,4017034,4089446,0,41,TRUE,0.8612,0.8311,0.9286,0.8719,100,timed
0bc81d0ab8d29c89e00e8795ea66bcad,14196618,7864320,6427770,77,TRUE,15.1845,15.0838,15.3971,15.2147,100,timed
d25ac2430c53058c58710369d8881e6f,5807242,5861539,0,95,TRUE,1.5315,1.4968,1.7163,1.5654,100,timed
c74c8d67773abccbc200595da0a84f13,4017034,4089446,0,50,TRUE,0.9944,0.9649,1.1197,1.0116,100,timed
f923109a416feecf9bc5a6ae98cc3c69,19489162,7790919,11765022,50,TRUE,27.0868,26.9651,27.1827,27.1086,100,timed
9b42bbb2497a2f58dee903d289ec1d27,2810250,2873098,0,86,TRUE,1.5360,1.4966,1.6665,1.5570,100,timed
32195ce3cf7d3a6fbae3ad82cffb5bc3,1860143,2359296,0,95,TRUE,1.0235,0.9810,1.2755,1.0626,100,timed
5f6cf7842957b50ed1ec456ec450592a,13153674,8021606,5211422,95,TRUE,12.6154,12.5272,12.7744,12.6330,100,timed
33704b07a5a9057ba5b18f1cc2709d14,2381450,2453667,0,104,TRUE,1.0108,0.9778,1.0988,1.0243,100,timed
4c5eaba938e815cbd108047cd8607dea,4006282,4068474,0,95,TRUE,1.2067,1.1553,1.3013,1.2272,100,timed
48ee5a1f9886effef4616eb2e3e573cd,38090122,7895777,30272389,86,TRUE,68.5651,68.4555,68.7664,68.5847,100,timed
f50f9ba3776d5711cfd291624b0b11cc,2782644,3491758,0,62,TRUE,0.9360,0.8951,1.0957,0.9680,100,timed
d1c2fa68b28ca0d06453a5e10db81a1d,4182410,4246732,0,86,TRUE,1.2669,1.2336,1.3909,1.2918,100,timed
1c14688f9132dec0c53d90f9480c8527,3014829,3785359,0,98,TRUE,1.1270,1.0981,1.3327,1.1640,100,timed
1e7a78da6c7fdcd80c785c167a962a25,6334090,6396313,0,95,TRUE,1.4571,1.4249,1.6096,1.4795,100,timed
f2a2bbded855904b3b1e60d599e3c2dc,1448755,1835008,0,68,TRUE,0.8474,0.8071,1.0020,0.8686,100,timed
229ad37fca0db5be24bfcce9cb434885,12110730,8032092,4152360,50,TRUE,10.1009,10.0090,10.2202,10.1168,100,timed
1afd00395ec69ed9f63948e25b6b3fe9,3039882,3082813,0,77,TRUE,1.0984,1.0596,1.2236,1.1146,100,timed
505d88dc866b52e996d5300ed816617a,10188682,8021606,2222981,68,TRUE,6.2354,6.1749,6.3748,6.2564,100,timed
f839042238079ef1639bed80fc7b6423,7695498,7748976,0,68,TRUE,1.5726,1.5296,1.7039,1.5959,100,timed
01e08d5b229c39f1b9d53ed89690c0fe,31754634,7906263,23959961,95,TRUE,54.4161,54.3141,54.5664,54.4247,100,timed
d25c9fed0f1c901c0521051a4febd1bf,3918986,3974103,0,95,TRUE,1.2520,1.2236,1.4282,1.2759,100,timed
50b4318c3a5eb399616907d00178e258,4006282,4068474,0,86,TRUE,1.1125,1.0691,1.2222,1.1336,100,timed
8f05e88084647ad6561578d45893e81e,21575050,7969177,13683916,77,TRUE,31.4989,31.3214,31.6390,31.5140,100,timed
becde56eb7bf8064d2273c0e0eb15ecf,22290314,8021606,14365491,95,TRUE,32.9560,32.8405,33.1165,32.9724,100,timed
a3712156fcf71d5eeb9df1c3a4ccb91c,9014154,8032092,1059061,104,TRUE,3.5067,3.4384,3.6484,3.5286,100,timed
4d123b5ce85ac27b72d93983dacbbfd7,3742858,3795845,0,95,TRUE,1.2436,1.2088,1.3758,1.2688,100,timed
683d2f0f319573826904fad060a1895a,11067786,7790919,3344957,50,TRUE,8.3144,8.2132,8.4356,8.3218,100,timed
e56d77ed1d5634b48167397e5549248d,5983370,6039797,0,104,TRUE,1.6618,1.6180,1.7823,1.6774,100,timed
a2dbe984c6a06f659e22503e830fc66b,39848330,8032092,31918653,95,TRUE,71.9678,71.8356,72.1676,72.0001,100,timed
612d407648614f6d21d541c24f856df6,6949770,7025459,0,104,TRUE,1.6904,1.6447,1.8168,1.7080,100,timed
b91f365bf5006d28865808e3e74ddc75,12110730,7864320,4320133,68,TRUE,10.4013,10.3204,10.5039,10.4243,100,timed
a14c891ee1d865dbc8a66b1bc3cada51,23497098,7969177,15634268,95,TRUE,35.7690,35.6683,35.8429,35.7690,100,timed
870510b55facdb8976f862394e9c4fc3,6422922,6480199,0,104,TRUE,1.7648,1.7229,1.9347,1.7823,100,timed
aa7b0f3ebe30e40cce3f0273b083e7c3,4094972,5138022,0,98,TRUE,1.3768,1.3298,1.5179,1.3940,100,timed
8dd13a561a5d593fdc828306b10a4e60,712074,752640,0,50,TRUE,0.6663,0.6322,0.8866,0.6955,100,timed
1301d79cd7922fa516eea152b69b1aca,2664111,3334471,0,101,TRUE,1.2127,1.1722,1.3241,1.2333,100,timed
1a23d766bc88a66c08a77daa62511899,11946890,7864320,4152360,68,TRUE,10.1983,10.1172,10.2973,10.2036,100,timed
952dfc4e689b9c00236770eaf021bcd5,22617994,7969177,14742978,59,TRUE,33.5708,33.4579,33.6590,33.5709,100,timed
d9b7c55d59734ccf8326b76d0c789e1d,1702501,2139095,0,98,TRUE,0.9174,0.8738,1.0903,0.9400,100,timed
0201c8e043beffa4a4f4ddcb55fc0876,5104266,5148508,0,68,TRUE,1.3985,1.3606,1.5962,1.4220,100,timed
12f87ffb6565d759e00d7536ae4b5200,5543818,5599395,0,95,TRUE,1.5818,1.5435,1.7103,1.5998,100,timed
f411a6c6997b344890a812d0018013e6,14032778,7864320,6259998,104,TRUE,14.8536,14.7519,15.0201,14.8739,100,timed
7d0ffe256707d06c1d36df577af56c01,3827706,4771020,0,98,TRUE,1.3091,1.2713,1.4352,1.3265,100,timed
507470799f20b52f2c7a78723798b295,1742135,2202009,0,95,TRUE,1.0454,0.9996,1.2153,1.0703,100,timed
21ba5b8c49bac5132d4b27d0a52309e9,4621962,4687134,0,95,TRUE,1.3840,1.3453,1.5854,1.4172,100,timed
da189fa95f075497f9d4be190ebc86f8,32633738,7906263,24840765,104,TRUE,56.3742,56.2215,56.4723,56.3735,100,timed
e3616002befab7ab5bfc8b0519df98ce,4006282,4068474,0,77,TRUE,1.0069,0.9820,1.0918,1.0214,100,timed
3dfde7715e83171f316625f00772ea23,539419,707840,0,95,TRUE,0.8324,0.7902,1.2642,0.9330,100,timed
a634db6c204329abc7ec9244526e4acf,12110730,7790919,4393533,68,TRUE,10.7463,10.6516,10.9406,10.7652,100,timed
3283061ebb976602b31602ffe86eef8b,11231626,7864320,3428843,41,TRUE,8.3970,8.3219,8.5424,8.4175,100,timed
4539a8d847669b9fe87e6dfea93fd83c,5894538,5955911,0,77,TRUE,1.3338,1.3016,1.4218,1.3479,100,timed
ddf669ff1dbf4454922a524df32e27b4,1151626,1195376,0,95,TRUE,1.1327,1.1022,1.2621,1.1509,100,timed
8ac52337a9d2258225417431679eb4ac,3742858,3795845,0,95,TRUE,1.2195,1.1780,1.3583,1.2419,100,timed
9658ee67bf050f0fbc8e337a6a5f6cee,2557578,2621440,0,104,TRUE,1.2050,1.1673,1.3551,1.2254,100,timed
d8122813748cebcc0b7a8839f495e388,1301292,2495610,0,77,TRUE,1.0252,0.9918,1.1293,1.0391,100,timed
f72dbf1a8be774259d5d37c90693a918,38090122,7895777,30272389,77,TRUE,68.5818,68.4052,68.7834,68.5990,100,timed
15ab0e32f80a8c849f3059558d6870ef,12989834,7864320,5211422,104,TRUE,12.6006,12.5217,12.7169,12.6241,100,timed
09cc2e6a3bb766ba617fa99236c5ff4f,21411210,7790919,13704888,77,TRUE,31.5160,31.3585,31.6254,31.5196,100,timed
9ddcb4352e76b30e81657979f9b9cbef,4182410,4246732,0,104,TRUE,1.3410,1.2862,1.4689,1.3642,100,timed
9941441e03741eeff067d2631a108b88,12110730,7780433,4404019,86,TRUE,10.7180,10.6271,10.8612,10.7322,100,timed
d9461391e61ceeac5a11a12c9d9f6aac,834101,1080033,0,95,TRUE,0.8594,0.8062,0.9566,0.8733,100,timed
96bf52913dbdd678023248228c44161d,1415050,1468006,0,77,TRUE,0.7751,0.7478,0.7931,0.7755,100,timed
1eedce0cf2d0b9e046f262a7348bd5a4,1941898,2002780,0,95,TRUE,0.9015,0.8619,1.0896,0.9332,100,timed
6f26dc0c4fe9591225e8d3d24ed4f8a6,2776458,2820669,0,41,TRUE,0.7770,0.7500,0.8052,0.7797,100,timed
3d56eb4a9e0b99ca34a1aa7813c36aad,10462858,7906263,2631925,95,TRUE,6.6508,6.6009,6.7144,6.6561,100,timed
bb60c46f5b7c352b7900043c5ef7e0a7,2810250,2873098,0,50,TRUE,0.9399,0.9112,0.9647,0.9407,100,timed
9df5740cb4c58ca0d0b39b00e06945c7,7958922,8021606,0,86,TRUE,1.6912,1.6642,1.8375,1.7136,100,timed
c51ebcacd4c1298650f62d479909cae5,2151058,2726297,0,104,TRUE,1.0388,1.0059,1.0953,1.0525,100,timed
2e3850a1615f1146eb28fc4849aec8ee,8398474,7895777,566784,86,TRUE,2.3381,2.2727,2.4661,2.3474,100,timed
1596fd1ef512a1f2e0d53a5f56881d8c,3918986,3974103,0,95,TRUE,1.2242,1.1920,1.2660,1.2293,100,timed
8810708382e7993dff9f4fb2742d3635,2974090,3040870,0,41,TRUE,0.8242,0.7985,0.8430,0.8243,100,timed
e023422e143010f04583a26cadcbd88c,2632240,4141875,0,104,TRUE,1.3437,1.2839,1.5159,1.3687,100,timed
cd6fda3c27790363c35161cad7065037,13153674,7853834,5379194,86,TRUE,12.8038,12.7409,12.9580,12.8307,100,timed
c84170e92aef5079ae923a958cddfb1b,1816842,1960837,0,77,TRUE,0.7390,0.7105,0.8783,0.7578,100,timed
86083346482d6f53635eb434524b5511,6070666,6134169,0,86,TRUE,1.3980,1.3740,1.4288,1.4034,100,timed
816717ac4d61dd62ada09740b4fa6470,3039882,3082813,0,86,TRUE,1.2466,1.2171,1.4226,1.2651,100,timed
d86ff6f4644cbcb23c4df79be36a890f,1696570,2139095,0,95,TRUE,0.9079,0.8830,0.9681,0.9172,100,timed
ad2890a0514518c4ad5823cafa7c77ee,1803577,2285895,0,86,TRUE,0.8714,0.8445,0.9256,0.8789,100,timed
0d90a5d14d815418d08a5a53d9f0bad2,4521276,6490685,0,95,TRUE,1.5709,1.5281,1.6845,1.5873,100,timed
53cee42601ad14d661bb6878031d6acb,888202,928768,0,23,TRUE,0.5445,0.4873,0.7211,0.5865,100,timed
b372fb0e24b1511b7805d1d6bd1c78c6,4621962,4687134,0,104,TRUE,1.4841,1.4529,1.6019,1.5020,100,timed
8ea87d1967f5899f0378de0842f03357,1458454,1835008,0,77,TRUE,0.9060,0.8718,1.0929,0.9271,100,timed
99721afd3b8c087a8ca3ea7f28af83ae,7871626,7906263,23040,95,TRUE,1.9237,1.8719,2.0587,1.9379,100,timed
d659906577ed785b207435980424f250,10199434,7906263,2359296,77,TRUE,6.1662,6.0774,6.2627,6.1737,100,timed
35a1b276de7c14a843ca0fa06cb1366b,1678474,1730150,0,95,TRUE,0.9985,0.9494,1.1193,1.0224,100,timed
4fc3d6e5c1f40c7a79e1a79a7b780711,23497098,7906263,15697182,77,TRUE,35.7673,35.6635,35.9126,35.7823,100,timed
b9ba3436af81be9d9dbfb8ec840e59da,1678474,1730150,0,95,TRUE,1.0229,0.9944,1.1179,1.0329,100,timed
26ba0d72dc61765a22e3a27a93a358a2,4445834,4508876,0,104,TRUE,1.2917,1.2441,1.3753,1.3028,100,timed
82e63bfa68c8214e5945c9cff5e37a17,3853194,3921674,0,59,TRUE,1.1402,1.0903,1.3275,1.1786,100,timed
92ae8634e6ea95d7d48e9fe6c2f3836b,14032778,7864320,6259998,104,TRUE,14.9143,14.8063,15.0836,14.9307,100,timed
e773a7a186b03b0957d57fed0f4d014a,448650,483840,0,41,TRUE,0.5891,0.5620,0.7674,0.6109,100,timed
4d31877fefc56fa91d38adfb5bd451ae,4885386,4959764,0,95,TRUE,1.3140,1.2831,1.4612,1.3321,100,timed
7c65f6bd01b87407734781b6038050bc,3216010,3261071,0,50,TRUE,0.8660,0.8223,1.0122,0.8928,100,timed
fca3d3671f135e0347cd3688f3f34cad,10188682,7790919,2453667,32,TRUE,6.2349,6.1611,6.3902,6.2571,100,timed
6c8ac33982f9b3e9bd26d7475e208bfd,12110730,7853834,4330618,95,TRUE,10.5950,10.5124,10.7175,10.6032,100,timed
013a977ba88a7972bed8f40b51051eb9,5775242,5872025,0,104,TRUE,1.8361,1.7783,2.0009,1.8554,100,timed
e3ba772b6ebbd0820e63a275856d3a35,6510218,6574571,0,95,TRUE,1.6242,1.5754,1.7563,1.6417,100,timed
2828eef801200e5557e3024786e8ec74,6686346,6752829,0,104,TRUE,1.7806,1.7417,1.8836,1.7966,100,timed
bbd7d7c4c9b9d1d8532d3f1fa4af668d,2914728,3638558,0,80,TRUE,1.0929,1.0383,1.2358,1.1059,100,timed
dda44a301f1c2030ee7e0f6923c0b9fa,10023306,7906263,2181038,86,TRUE,5.8394,5.7657,5.9726,5.8549,100,timed
33e306159a60bba2d574ffc5f4ed7f14,5104266,5148508,0,77,TRUE,1.4761,1.4110,1.6736,1.4980,100,timed
821d70ecc12e96b4d0f6513327f9d454,38969226,7853834,31205621,95,TRUE,70.3936,70.2788,70.5053,70.4059,100,timed
b9b8d68a9e92490be9fae5fe98c93fff,7871626,7906263,23040,95,TRUE,1.8946,1.8464,2.0108,1.9091,100,timed
c17f0eaee8b311423d94291e79968952,1583443,1992294,0,95,TRUE,0.9424,0.9156,1.0730,0.9627,100,timed
28986004b1d5902d97878e6a72802dc9,2456616,3932160,0,86,TRUE,1.2147,1.1806,1.4255,1.2472,100,timed
3da7fc84de81ce81a990dc70de00cdad,2327334,3774873,0,101,TRUE,1.3089,1.2725,1.4445,1.3275,100,timed
faa6da412ca93df4648fc5b4deb94913,12110730,7864320,4320133,95,TRUE,10.6586,10.5693,10.7793,10.6735,100,timed
035fafd24973204e35ccb92ad464a20c,5104266,5148508,0,50,TRUE,1.1668,1.1280,1.3511,1.1916,100,timed
8e745799d6c739ad3f03b9de020abc08,10462858,8032092,2495610,95,TRUE,6.2551,6.1698,6.3871,6.2689,100,timed
abc4a96cad7cbefd12e365f184cad2c5,2045353,2569011,0,101,TRUE,1.0754,1.0296,1.2430,1.1005,100,timed
0b6b76b6f2150440bf717d660b3fd567,2030730,2086666,0,95,TRUE,1.1554,1.1056,1.3111,1.1719,100,timed
fcc1e77f36eb12f3fbecee43a084cd65,4095114,4152360,0,77,TRUE,1.2606,1.2012,1.3590,1.2696,100,timed
9172e8ef5d8828d5f87ab87f7d9bde8c,2810250,2873098,0,68,TRUE,1.3161,1.2550,1.4555,1.3457,100,timed
79845d7681f9e38d5afc6eb15c01b69e,5631114,5683281,0,86,TRUE,1.4531,1.3981,1.5527,1.4685,100,timed
13e677d747f01fcad4c15aa4b6d86c96,6862474,6931087,0,113,TRUE,1.8659,1.8117,2.0132,1.8871,100,timed
41175f66e2794653da6a4d874950ac0d,6510218,6574571,0,95,TRUE,1.6589,1.6201,1.8779,1.6851,100,timed
eb439b5f7d408c2d4f034fec0ad2d8e0,5631114,5683281,0,86,TRUE,1.4833,1.4516,1.6185,1.5068,100,timed
b9d626506f441e7dff83e31537491aa6,11231626,7864320,3428843,41,TRUE,8.4949,8.4251,8.6353,8.5137,100,timed
2d28553a81331f53056dd92d99c4f169,658477,858368,0,98,TRUE,0.8094,0.7628,0.8980,0.8223,100,timed
d40c7bae09509dc04fa8ce0138f46900,5939082,6029312,0,95,TRUE,1.6874,1.6428,1.8467,1.7091,100,timed
23f8555ecc00f016e990ecc73ea974b7,6686346,6752829,0,113,TRUE,1.6939,1.6326,1.8767,1.7171,100,timed
f695bddd6660304cb27b7cefffe9c3cb,2332938,2495610,0,77,TRUE,0.8707,0.8260,0.9604,0.8822,100,timed
cf2dd11279d40b8fc2d911059110952e,2109458,2652897,0,95,TRUE,0.9959,0.9436,1.0977,1.0061,100,timed
b7b8d82d71264d1d606793b5a65a4ecf,6686346,6752829,0,104,TRUE,1.7395,1.6742,1.9004,1.7560,100,timed
ed56282d8e234fa03130e028474f57f8,2780228,3491758,0,77,TRUE,1.0415,0.9873,1.1282,1.0506,100,timed
40c30309ae39ffbe1f8abf6756e287f7,1458454,1835008,0,92,TRUE,0.9899,0.9417,1.1132,1.0058,100,timed
1ca7a0759b04e3e871b9391849ff5914,2776458,2820669,0,50,TRUE,0.9342,0.8917,1.0201,0.9459,100,timed
5e95e5c6fd2546091f15faf89354d6c4,3742858,3795845,0,86,TRUE,1.1917,1.1541,1.3784,1.2184,100,timed
6f1db217316da634995f315a3246456c,12110730,7864320,4320133,68,TRUE,10.5229,10.4357,10.6773,10.5347,100,timed
0e29b0f85d696cc300af5b65c7ea264d,31754634,7895777,23959961,95,TRUE,54.4842,54.3488,54.6307,54.4950,100,timed
18f0bea6e38607c88b03a8b2ba7bcc8e,4017034,4089446,0,59,TRUE,1.1452,1.1038,1.2491,1.1794,100,timed
aa772a6fabdf214d071700d5de36eaac,2632240,4141875,0,101,TRUE,1.3835,1.3480,1.5190,1.4033,100,timed
ac9bd0e2514c031187b612db767fb038,1151626,1195376,0,50,TRUE,0.5673,0.5319,0.6739,0.5789,100,timed
b323da5c45643e9c967a0546dc939764,2974090,3040870,0,59,TRUE,1.1329,1.0891,1.3105,1.1504,100,timed
0cc9426bf35e6e110d77bb8fbca177ba,10188682,7790919,2453667,50,TRUE,6.4392,6.3704,6.5843,6.4533,100,timed
7eb7a23216c8dd5912830a479a709019,975498,1021440,0,59,TRUE,0.6383,0.6054,0.7000,0.6477,100,timed
70cec3d45475d0428b47a6143a0c9370,11067786,7864320,3261071,50,TRUE,8.1869,8.1012,8.3247,8.1992,100,timed
c2b22d3746fd4e2e9e2798aef348e8cf,12110730,8032092,4152360,59,TRUE,10.0101,9.9283,10.1279,10.0266,100,timed
6367d1292d5085b2c68ed7c27f97928a,4006282,4068474,0,95,TRUE,1.2605,1.2090,1.3941,1.2786,100,timed
759c3b0c43f3cabeb0a12dc34031982f,3479434,3533701,0,77,TRUE,1.1285,1.0830,1.2317,1.1389,100,timed
adf5ea752a5c97d75deb8456afa39921,1448230,1835008,0,77,TRUE,0.9187,0.8777,1.0356,0.9310,100,timed
f32ee2bedfcc64d4aab77d6cb2ab7d2f,888202,928768,0,50,TRUE,1.0254,0.9823,1.1018,1.0383,100,timed
1864812c899522d96a54dec5a4625e45,1749642,1887436,0,77,TRUE,0.8201,0.7785,0.9147,0.8412,100,timed
2ebda12d9d5ec14d5f1aaca1f53ef203,5631114,5683281,0,59,TRUE,1.2021,1.1431,1.3914,1.2250,100,timed
6fd16839551ae8bde74ffe82bc1d3c0d,4182410,4246732,0,104,TRUE,1.3500,1.3001,1.5606,1.3733,100,timed
b8c821682443b314c913878f9febe926,13153674,7969177,5263851,59,TRUE,12.5219,12.4385,12.7344,12.5517,100,timed
3ef49efe0e4a2a933c3ea7e495840b20,1415050,1468006,0,86,TRUE,0.8950,0.8575,1.0009,0.9154,100,timed
8102312b0011e58ab79d3bc6b74b6c05,4896138,4980736,0,86,TRUE,1.5678,1.5195,1.7026,1.5860,100,timed
98f98be5d542c77409e1af4470782107,29668746,8021606,21726494,95,TRUE,49.3971,49.3082,49.5162,49.4046,100,timed
96c1edf2519472092008f6565e352e75,5104266,5148508,0,59,TRUE,1.2629,1.2211,1.3921,1.2807,100,timed
21fc7949ccbefbbaaa879490155fce24,5543818,5599395,0,95,TRUE,1.6382,1.6098,1.8040,1.6629,100,timed
c1cef69a22e3ba222471d20add1243eb,3742858,3795845,0,86,TRUE,1.1900,1.1559,1.3069,1.2047,100,timed
3407944b22d4b1d0cccbd8e070424ce4,3039882,3082813,0,41,TRUE,0.7648,0.7349,0.8925,0.7840,100,timed
c53bceec7935e8743e66c08fe7793a20,6510218,6574571,0,104,TRUE,1.5487,1.4973,1.6943,1.5710,100,timed
b1e8588a4ddc7cdc703046d9c4bf5403,3039882,3082813,0,77,TRUE,1.1169,1.0828,1.2256,1.1352,100,timed
4b7e61372913b6f62f3d30bf58b730b2,540196,707840,0,92,TRUE,0.7858,0.7550,0.9401,0.8057,100,timed
3db7e20184e417b4eb1718c5846356a6,1151626,1195376,0,59,TRUE,0.6694,0.6371,0.8050,0.6943,100,timed
88b8c2d06e3be302d64cc528062b5595,14196618,7864320,6427770,77,TRUE,15.1024,14.9955,15.2590,15.1217,100,timed
bc1b9abe00d344cc7b6bc5d24e176b83,2776713,3491758,0,98,TRUE,1.2197,1.1621,1.4655,1.2513,100,timed
59d9ed3046cd87a504fcb05d916f6af8,31754634,7895777,23959961,95,TRUE,54.2984,54.1942,54.4735,54.3348,100,timed
deba30fb74ccd63de350edf798e6d0cd,5807242,5861539,0,59,TRUE,1.1667,1.1264,1.3603,1.2028,100,timed
115c3dfab6fd1231dd465ca5a0d5b507,3303306,3355443,0,50,TRUE,0.8219,0.7986,0.9089,0.8328,100,timed
df564abc783e4942e2f9492cb8173572,28789642,8021606,20845690,86,TRUE,47.5108,47.3849,47.6094,47.5115,100,timed
0dee31cc5fa22a286f00a90c2dc8f8ee,19489162,7853834,11691622,77,TRUE,27.2311,27.1552,27.3560,27.2472,100,timed
a6a4c66cdd64789c73aae44ce88ee90d,2810250,2873098,0,50,TRUE,0.9647,0.9302,1.0472,0.9788,100,timed
bbafb7b224f5af0a5e6a28a0f3db97af,22290314,7864320,14522777,104,TRUE,33.2280,33.1364,33.3646,33.2434,100,timed
126ea449e5bc5ea4428d138c5c5ff41d,3525514,3596615,0,113,TRUE,1.8986,1.8545,2.0458,1.9204,100,timed
01b6443af4ae121be7e33e9abd7f1daa,12989834,7853834,5221908,95,TRUE,12.6492,12.5627,12.7576,12.6560,100,timed
f71bcc4ab92f2f353f6dd7e0bc386d70,5104266,5148508,0,59,TRUE,1.3005,1.2385,1.4679,1.3266,100,timed
bcf7cef6d5b96880a65b8cb06a8546e2,4182410,4246732,0,104,TRUE,1.3080,1.2640,1.4211,1.3263,100,timed
3c4e6cc9b3878772e7890b13b2c3e747,2974090,3040870,0,68,TRUE,1.4011,1.3582,1.5312,1.4193,100,timed
9293a63abf5e8458b478099cbb9570d2,420361,557312,0,92,TRUE,0.8345,0.7970,0.9068,0.8521,100,timed
9cbe27c0f0a34fbfa53c8f1ac14ecd75,3303306,3355443,0,86,TRUE,1.2581,1.2085,1.4384,1.2839,100,timed
040f0b5b968c899f85671d96eeb43c10,11231626,7790919,3502243,50,TRUE,8.6899,8.5941,8.8367,8.7029,100,timed
5e464b4fec4ea5de037a5430b21532dd,19489162,7790919,11765022,50,TRUE,27.1492,27.0540,27.3264,27.1665,100,timed
d374baff9a680e54af2e7e01a87f36f4,4732298,4812963,0,95,TRUE,1.6911,1.6492,1.8852,1.7110,100,timed
3b8de24e123911da1bdbd359ebca2030,10188682,7853834,2380267,77,TRUE,6.5695,6.4794,6.7735,6.6068,100,timed
3fed381ef6b74478bf55bbd53294ff73,22454154,7895777,14648606,95,TRUE,33.7164,33.5337,33.8954,33.7341,100,timed
1eeeb1ba375ad89b28edc6e8b86d2b95,5367690,5421137,0,86,TRUE,1.4699,1.4113,1.6036,1.4878,100,timed
7b00ba173f37fd11c3b879716dad1bd4,4358538,4424990,0,113,TRUE,1.4264,1.3809,1.5758,1.4465,100,timed
899273c79511eb3886001ffd5fafdf65,32633738,7906263,24840765,104,TRUE,56.1228,56.0204,56.2728,56.1376,100,timed
77360751867dd763715d7c921183d33b,5807242,5861539,0,95,TRUE,1.5635,1.5278,1.7267,1.5856,100,timed
d4c2ba36cf7f5a18133886d4fb06f26a,6773642,6847201,0,95,TRUE,1.5804,1.5346,1.7493,1.6021,100,timed
f835440e81485362082395859d0987de,5807242,5861539,0,95,TRUE,1.6045,1.5478,1.7719,1.6445,100,timed
b2dc755e6163fdadfaf1a20f11ede4f7,3742858,3795845,0,95,TRUE,1.2523,1.2070,1.3645,1.2715,100,timed
d7e9e3c65e3b93c7114f34b6cbadd6e7,2503003,3114270,0,89,TRUE,1.1448,1.1001,1.3679,1.1765,100,timed
534f2002efc14247307c7dcc2ca55b32,5367690,5421137,0,77,TRUE,1.3834,1.3330,1.5662,1.4102,100,timed
bc94f0e3a913530f3914612d02a328a3,4621962,4687134,0,104,TRUE,1.4890,1.4469,1.6100,1.5078,100,timed
3188d3640055b5804e05ae706718379f,4006282,4068474,0,95,TRUE,1.2223,1.1685,1.3595,1.2401,100,timed
b898e8a7ada8eadb0319638eb2d0520f,1297125,1656750,0,104,TRUE,0.9716,0.9363,1.1132,0.9913,100,timed
f214e14c0f4c5c4e0f4f063de6ce4f5b,4861043,6050283,0,95,TRUE,1.4428,1.3947,1.5806,1.4719,100,timed
c8560eb1bf8809d22c34dfdd443117c2,2030730,2086666,0,104,TRUE,1.2435,1.1926,1.4064,1.2707,100,timed
dc21d50c0ea1d027fc487fbfbabbdf46,2974090,3040870,0,86,TRUE,1.5293,1.4634,1.6707,1.5470,100,timed
7400bf856a8e6d142ff2a3b0fc2cd82e,20532106,7895777,12708741,77,TRUE,29.3739,29.2778,29.5229,29.3848,100,timed
a173b2b7cef1a83d2f4b2c60100e202b,13153674,7853834,5379194,95,TRUE,12.9600,12.8759,13.1201,12.9818,100,timed
8c354810335fa8f8af62e14e69c92416,31754634,8021606,23834132,95,TRUE,54.0371,53.9044,54.1960,54.0537,100,timed
d98fc5a029389cee389e94c6f37b0503,4445834,4508876,0,104,TRUE,1.2753,1.2423,1.4901,1.3106,100,timed
287b525d274fd684528ed557aa9e6b11,5807242,5861539,0,86,TRUE,1.4211,1.3807,1.5386,1.4407,100,timed
9136b2e02ddc2881f410b4ba54bbad48,3087550,3858759,0,101,TRUE,1.2438,1.1774,1.3641,1.2664,100,timed
815c0e815b8110ef48534a89faf25ac2,8135050,8032092,166400,86,TRUE,1.7401,1.6943,1.8538,1.7524,100,timed
ae64022f9eb4d711b7a641ae08009269,3742858,3795845,0,86,TRUE,1.1535,1.1205,1.2843,1.1723,100,timed
21441e79b8e2987920db18e3db6dbe26,6773642,6847201,0,104,TRUE,1.5550,1.5021,1.6881,1.5714,100,timed
20259ceb22b0ddbdc2fa770958593602,1757765,2202009,0,95,TRUE,1.0469,1.0022,1.2718,1.0850,100,timed
8ce7a157bb8325e06b4979c5ad77d620,3039882,3082813,0,50,TRUE,0.8862,0.8443,0.9573,0.8930,100,timed
11ce5773627a6bc429030308a0a119ff,5543818,5599395,0,59,TRUE,1.2243,1.1662,1.3356,1.2416,100,timed
82c1c57c423890164d4a46e272f298ab,1873833,2359296,0,89,TRUE,0.9521,0.9050,1.0813,0.9938,100,timed
c0e6b63918f2d62e6aeddc0092a496b8,3742858,3795845,0,86,TRUE,1.1978,1.1540,1.2947,1.2094,100,timed
167e7c85c4a65b87b0fd985096f55495,22290314,7864320,14522777,104,TRUE,33.2070,33.0962,33.3724,33.2245,100,timed
ef66ad59bfdc3b67ebf85282f0023bfc,3742858,3795845,0,95,TRUE,1.2982,1.2490,1.4222,1.3282,100,timed
dc0f4db6c382d06662b2bd2d1af3a207,4445834,4508876,0,104,TRUE,1.2597,1.2264,1.3679,1.2739,100,timed
3e8667d46a04ea4dc10417bab3bf1a7a,3819435,4771020,0,95,TRUE,1.3386,1.2998,1.5914,1.3661,100,timed
0da761dba61a8ddaa4458e24c94abffc,2776458,2820669,0,86,TRUE,1.3503,1.3083,1.4592,1.3634,100,timed
3e6c1688fb2a00a3dc08d0ac7a6dc961,13153674,7853834,5379194,95,TRUE,12.9732,12.9019,13.1133,12.9902,100,timed
51b5087165761c8bfe1dabd2d96c8e99,5894538,5955911,0,86,TRUE,1.3812,1.3460,1.5133,1.4010,100,timed
66344e4ea26195131f153b084f6e0bf2,12274570,7969177,4372561,41,TRUE,10.3894,10.3088,10.5715,10.4244,100,timed
cdbbc16cd07c19df63f60ad775930739,5807242,5861539,0,95,TRUE,1.5268,1.4883,1.7175,1.5486,100,timed
03d84046b0ce567b2b59e85903aa2f5f,6422922,6480199,0,68,TRUE,1.3763,1.3310,1.6009,1.4017,100,timed
83de10cc3c3e7abc753efefa5b2f3475,13153674,7864320,5368709,77,TRUE,12.9685,12.8900,13.1110,12.9856,100,timed
568446f229ee474d96cb431de0fe1095,6070666,6134169,0,77,TRUE,1.3440,1.2974,1.4966,1.3593,100,timed
9f217c636575306d3be9cb2f01eecb08,1591178,1646264,0,77,TRUE,0.8103,0.7732,0.9724,0.8289,100,timed
01255ccfd5c249c23e59b1125d370908,2615080,3271557,0,86,TRUE,1.0938,1.0612,1.1915,1.1115,100,timed
8cc1db85d68941ddc0ae6f455b7dd8ae,12110730,7853834,4330618,95,TRUE,10.6904,10.6073,10.9134,10.7161,100,timed
8e651ef65c083b4d631d9f4e1057b603,12110730,7853834,4330618,86,TRUE,10.7956,10.7345,10.9264,10.8144,100,timed
27dc55892a49a9dd4fc9732c25d8fbcc,10462858,8032092,2495610,95,TRUE,6.3758,6.3130,6.5710,6.3963,100,timed
cc7555855ad0d1c36537a472dea36288,3742858,3795845,0,95,TRUE,1.3139,1.2731,1.5054,1.3396,100,timed
69850253bf36a638fc16c5b7da27e66a,5543818,5599395,0,86,TRUE,1.4978,1.4743,1.6696,1.5286,100,timed
d6117ac0727b027348bb056759b3315a,8135050,7895777,297472,95,TRUE,1.9411,1.9063,1.9742,1.9432,100,timed
f855024dab425fb633b79b99c14f6c6f,2790066,3491758,0,95,TRUE,1.1472,1.1105,1.3215,1.1671,100,timed
e6dd2e20b0e538e48ddbdd8d494dab30,888202,928768,0,77,TRUE,0.8994,0.8502,1.1498,0.9316,100,timed
cb6c7b3f3b686299a3434ee1aec84bbf,32469898,7864320,24725422,113,TRUE,55.9384,55.8417,56.0869,55.9501,100,timed
ff77f2263d52b6f331a9aa3566825d0e,21247370,8021606,13306429,104,TRUE,30.9096,30.7642,31.0762,30.9392,100,timed
5013d4898aaba30673c3858589091b4f,946570,1036288,0,68,TRUE,0.7294,0.6934,0.8572,0.7459,100,timed
a618386c489b558ce5bd285d4ea793ec,2505805,3114270,0,77,TRUE,1.0736,1.0468,1.1879,1.0913,100,timed
1b907c229ed015b3f2ef1a17ed706709,6070666,6134169,0,95,TRUE,1.4938,1.4585,1.6942,1.5326,100,timed
87ddd8c9aaa5ffcfa8988b2208320cbd,23169418,7864320,15414067,113,TRUE,35.2593,35.1333,35.4312,35.2768,100,timed
2bf548699570ea68a4cd1b967cd088d5,6510218,6574571,0,104,TRUE,1.6158,1.5731,1.7585,1.6410,100,timed
c7ad8d6d128cf6a4209445607328fa4a,1446928,1835008,0,83,TRUE,0.9263,0.8919,1.0472,0.9407,100,timed
85fc17d541dc5eb70337803fcea31de8,8574602,7895777,741376,95,TRUE,2.7766,2.7203,2.9158,2.7977,100,timed
ee8de2d839492318ca5e2c8a9cdbfa4e,12110730,7864320,4320133,86,TRUE,10.7757,10.6972,10.8938,10.7911,100,timed
bd7f38d9c1e6f746e0636499031e0f53,975498,1021440,0,59,TRUE,0.7133,0.6560,0.8962,0.7388,100,timed
bd9c3973a15cb2d5972acb3b993998d1,12989834,7790919,5284823,95,TRUE,12.7759,12.6761,12.9452,12.7896,100,timed
014722f96dcbf25ec351a10bc88871bc,2593855,3271557,0,89,TRUE,1.1614,1.1122,1.2400,1.1907,100,timed
eacca41810928075c5520412678e1d6f,4095114,4152360,0,104,TRUE,1.5955,1.5373,1.7464,1.6134,100,timed
2777d15efdb2babf660108adf41b5c58,2727241,3418357,0,95,TRUE,1.1002,1.0518,1.2300,1.1194,100,timed
76828e7591f15af176ca9f052c332497,20368266,7864320,12572426,68,TRUE,29.1485,28.9884,29.3208,29.1812,100,timed
ef09f6a846e6c451db6a0ede9a229508,2791754,3491758,0,83,TRUE,1.0868,1.0396,1.2401,1.1073,100,timed
ff72892816559bc53a6b78f94dc61381,8750730,7979663,836608,104,TRUE,3.0397,2.9656,3.1657,3.0573,100,timed
f5376f9b94d32a4bbc807b78e7b8d3cd,656125,858368,0,86,TRUE,0.7961,0.7515,0.9031,0.8085,100,timed
a81775712491499974b4c6823ba04672,3479434,3533701,0,95,TRUE,1.3085,1.2604,1.4695,1.3308,100,timed
c91dccc4fe706882a549d9502642e569,2646410,2705326,0,95,TRUE,1.7122,1.6763,1.8306,1.7258,100,timed
e83661302ea89bc69e03d6ef3941449d,4006282,4068474,0,95,TRUE,1.2278,1.1893,1.3356,1.2448,100,timed
c5612807a5fab7a7e13df996f8092095,5983370,6039797,0,104,TRUE,1.6601,1.5982,1.8278,1.6786,100,timed
f0c9d1e5015d7241fa317d8faaad89be,7695498,7748976,0,86,TRUE,1.7717,1.7066,2.0240,1.8020,100,timed
b5a93d6f54b779f0fa99b243466bacea,29668746,7853834,21894266,95,TRUE,50.0150,49.8179,50.1220,50.0260,100,timed
1e3dad61a43e8ea069745069f68062e3,7432074,7486832,0,68,TRUE,1.6325,1.5595,1.7631,1.6453,100,timed
bd831fe4ed1f03d55d931dea19d4a7c0,21411210,7780433,13715374,95,TRUE,31.6419,31.5307,31.8261,31.6514,100,timed
d449e273799fddc0dc167f1c42b3497b,7871626,7927234,0,77,TRUE,1.7179,1.6707,1.8552,1.7361,100,timed
0231bc51007e5e3ad54127eef319e4c0,3697575,4613734,0,95,TRUE,1.3631,1.3184,1.4942,1.3817,100,timed
9276fde4b697391a8d5066e28867bb0b,2446392,3932160,0,95,TRUE,1.3134,1.2681,1.4805,1.3365,100,timed
422c2aa08f255776b5b5c9bcc1ac0670,10188682,7853834,2380267,68,TRUE,6.5130,6.4212,6.7447,6.5475,100,timed
8c7c4a40a9479c7f697b5bc3af501f5b,29668746,7864320,21883781,95,TRUE,50.1088,49.9456,50.3450,50.1322,100,timed
7fee9a1c1f5b70593e05d7cd21e47a89,4104279,5138022,0,104,TRUE,1.3866,1.3358,1.5378,1.4094,100,timed
f627608694b88eeacc8253f51060b857,1857678,2359296,0,89,TRUE,0.9831,0.9481,1.1223,1.0031,100,timed
6adf09ef60d9568b0c5ce41d788a41bc,1931146,1981808,0,32,TRUE,0.7047,0.6678,0.9027,0.7301,100,timed
6b3807ffed5e90baa1a79b13eb580467,2505805,3114270,0,89,TRUE,1.1545,1.1146,1.2571,1.1670,100,timed
0ea046bd83ad24242aa4e1ed1090a073,11067786,7853834,3271557,86,TRUE,8.4877,8.4278,8.6581,8.5149,100,timed
9e13d13f68bf5ce313b5847654d0f02b,1327754,1373634,0,104,TRUE,1.1291,1.0794,1.2608,1.1505,100,timed
f54e2d5671f531b036009e919d5d46a9,41770378,8032092,33858519,113,TRUE,76.7367,76.5765,76.8519,76.7442,100,timed
b4ed20daca47eccf1852b226911a394f,3655562,3711959,0,95,TRUE,1.3530,1.3003,1.4957,1.3720,100,timed
cec68c37e39cdef55c32fd2f562fc68b,3742858,3795845,0,95,TRUE,1.3281,1.2957,1.4454,1.3427,100,timed
f575f11dc6418749f4a7fbe1ba85fd68,5807242,5861539,0,95,TRUE,1.5826,1.5428,1.7259,1.6002,100,timed
a665b13021b69a2c84bbf3105c0cca37,21575050,7969177,13683916,77,TRUE,31.4612,31.3123,31.6001,31.4758,100,timed
2606681fe3610e3e4daf4995c9080417,2032000,2569011,0,104,TRUE,1.0762,1.0397,1.2128,1.0906,100,timed
1d32ff28746ec3f856ff5b2103ff8c87,10199434,8032092,2233466,95,TRUE,5.8436,5.7699,5.9593,5.8583,100,timed
0b192a7077200e1888810a75d49754f3,4182410,4246732,0,95,TRUE,1.3635,1.3301,1.5113,1.3851,100,timed
c625ac37ab948f898c3c054e1d4036cb,3922338,4917821,0,95,TRUE,1.3124,1.2752,1.4673,1.3390,100,timed
178a4448e12d9f02821df3b4993a5897,22454154,7906263,14648606,86,TRUE,33.6802,33.5318,33.8094,33.6945,100,timed
84a55e4cde35e728f9f0d1f1e83badc0,7871626,7906263,23040,95,TRUE,1.8727,1.8333,2.0061,1.8926,100,timed
8833639bdf7c2aa109b969c32a65cc28,3805107,4771020,0,101,TRUE,1.2891,1.2375,1.4301,1.3060,100,timed
23c627ab1005986bc302013e636f74b7,12274570,7969177,4372561,77,TRUE,10.6935,10.5838,10.8386,10.7074,100,timed
e1905b031520aca7bf8f052aebb222a2,3853194,3921674,0,86,TRUE,1.6503,1.5980,1.7701,1.6613,100,timed
ed8fa06d9f0b0ad8f45c22916d6c61f7,1814578,2285895,0,77,TRUE,0.8651,0.8308,1.0489,0.8984,100,timed
6ed519887232b15a95c625ad0b2c1bb1,5543818,5599395,0,59,TRUE,1.1945,1.1632,1.3035,1.2139,100,timed
9a2b900056c9c0337a844227bd7e339b,4709258,4781506,0,104,TRUE,1.2252,1.1833,1.3846,1.2515,100,timed
7563f814ac8c0426ce9fc95ad52b968d,5807242,5861539,0,86,TRUE,1.4660,1.4283,1.6473,1.4920,100,timed
9ab996abaf7c9b44d657088a4eca7052,3084560,3858759,0,98,TRUE,1.2337,1.1971,1.4288,1.2569,100,timed
c49e4ac9841c77d6b5c8868bf48f8829,3039882,3082813,0,50,TRUE,0.8595,0.8314,0.9980,0.8825,100,timed
471546730eff6ba24d163061e4029d13,3853194,3921674,0,50,TRUE,0.9853,0.9514,1.1120,1.0087,100,timed
8e1d80638c24b4d6cf2dfdadebca9737,1080970,1184890,0,68,TRUE,0.6206,0.5772,0.7137,0.6322,100,timed
f87450c79234a89c0965595e47d65398,8574602,7895777,741376,104,TRUE,2.7837,2.7319,2.9413,2.8080,100,timed
c41cdfda81450373fe921c4920794f6b,5983370,6039797,0,95,TRUE,1.6713,1.6109,1.7964,1.6843,100,timed
3fe26428539ebec46fefa9988bc37a1e,13153674,8032092,5200936,59,TRUE,12.4614,12.3795,12.6431,12.4818,100,timed
fd663009d1b174af92226267eb251e82,3742858,3795845,0,95,TRUE,1.3198,1.2835,1.4491,1.3549,100,timed
47bb419c2869c624c3d65fd16d87e5be,1931146,1981808,0,41,TRUE,0.8576,0.8205,1.0360,0.8853,100,timed
24a787a1d9370b2a4774f02d5ec9c4d3,3830154,3890216,0,86,TRUE,1.0992,1.0593,1.2502,1.1167,100,timed
7d26c1014380504f8717b33ebc4b0191,2810250,2873098,0,68,TRUE,1.2651,1.2334,1.3715,1.2841,100,timed
a86e838c989993e8e6f2faba34610935,1860668,2359296,0,101,TRUE,0.9961,0.9630,1.1437,1.0145,100,timed
6e611d0ac59be445dc8c4371a43f38d0,2895771,3638558,0,92,TRUE,1.1512,1.1080,1.3710,1.1783,100,timed
857c845e281e733583b3e1f7f13a243f,5631114,5683281,0,77,TRUE,1.3962,1.3406,1.5380,1.4128,100,timed
acfbc2d7cbf5a89feb83c156c81ae4e5,14911882,8032092,6983516,113,TRUE,16.4944,16.3809,16.7069,16.5110,100,timed
33de711d058769a9bc82740ea963bfe7,2457078,3093299,0,104,TRUE,1.1119,1.0752,1.2079,1.1261,100,timed
53f7747ecbe727ed4076735b503cb096,1753661,2202009,0,95,TRUE,1.0326,0.9955,1.1880,1.0582,100,timed
bcff469d9ca87c205c3cdfbbcbfec4d6,3479434,3533701,0,95,TRUE,1.3547,1.3178,1.4833,1.3714,100,timed
96794a104891b22bf4f2abbdd7c3e90f,11231626,7969177,3323985,32,TRUE,8.0685,7.9947,8.2275,8.0877,100,timed
33c3a6e65de0802b77577b5416b38e14,8135050,8032092,166400,95,TRUE,1.8410,1.7970,1.9671,1.8592,100,timed
0ee493fe7bb618a0ae642840558f62a0,1767306,1814036,0,50,TRUE,0.9718,0.9401,1.0585,0.9798,100,timed
485943408e2aa972c421eee9a185d7fa,2974090,3040870,0,41,TRUE,0.8574,0.8296,0.9926,0.8883,100,timed
6f026193cdbf07ab16259b8f4426e1d6,2557578,2621440,0,104,TRUE,1.1244,1.0873,1.2120,1.1349,100,timed
541fbc2bb9feabe7a972db79effde24c,38090122,7853834,30314332,77,TRUE,68.7221,68.5539,68.8761,68.7338,100,timed
d3243ccd0b1e6299d112fa92364f0bdd,7125898,7203717,0,113,TRUE,1.8053,1.7490,1.9125,1.8137,100,timed
fb4326b6d385f993f878531f82278fb0,22290314,7864320,14522777,104,TRUE,33.3211,33.2189,33.5189,33.3398,100,timed
d739e62e8a2418339b967173f318a4df,5367690,5421137,0,77,TRUE,1.4430,1.4049,1.5567,1.4597,100,timed
3c2c0a28728a8b319c56a49cc6e7be5b,2485021,3114270,0,92,TRUE,1.1197,1.0808,1.3115,1.1465,100,timed
0d3c0ce16a90c0d50618769f2547c8f2,20368266,8021606,12415139,86,TRUE,28.9283,28.8134,29.0586,28.9395,100,timed
cb4bd6a6a236330b89824fbfe461ae95,30711690,8021606,22785556,95,TRUE,51.8760,51.6792,52.0395,51.8865,100,timed
c8c0c1d28b982ed0606fa0ef1a0ce3f1,2619709,3271557,0,92,TRUE,1.0810,1.0514,1.2504,1.1030,100,timed
db34a957b2ff14cb155c0ea81bf4db87,3566730,3628072,0,86,TRUE,1.1802,1.1405,1.3219,1.1963,100,timed
56b35f46f583628838463ac1439bcd7e,6070666,6134169,0,86,TRUE,1.3940,1.3592,1.5132,1.4130,100,timed
b63f6a132f77910ccac030af0f120192,21411210,8021606,13474201,95,TRUE,31.0803,30.9669,31.2726,31.1005,100,timed
3815e523ba8e903fe12d81ee2b05a41a,3742858,3795845,0,95,TRUE,1.2937,1.2584,1.4691,1.3190,100,timed
9356645ae93df380444ea4ea52aa9663,5807242,5861539,0,68,TRUE,1.2696,1.2213,1.3887,1.2867,100,timed
b7722bcee5e5c3e61965e8da35cb82ad,3822950,4771020,0,86,TRUE,1.2263,1.1917,1.3462,1.2435,100,timed
a7b12025cb9aadc5378a73cfb4146fd3,4006282,4068474,0,95,TRUE,1.2540,1.2182,1.3549,1.2733,100,timed
48dd2a7fd5946b035b67d230341f3116,2974090,3040870,0,77,TRUE,1.6433,1.5959,1.7374,1.6600,100,timed
6aa74936c1b145197a2c4040b5256baf,1415050,1468006,0,86,TRUE,0.9629,0.9258,1.1020,0.9796,100,timed
7dac2cae5fa78726418f85166c822c17,12110730,7853834,4330618,95,TRUE,10.7521,10.6698,10.8901,10.7693,100,timed
281a90bd259878c4e3a6812d68e0bc4b,3039882,3082813,0,86,TRUE,1.2906,1.2604,1.4104,1.3093,100,timed
feab8d2a5346b73b648752a2f8a3afb4,5543818,5599395,0,86,TRUE,1.5755,1.5358,1.7301,1.5943,100,timed
c024e48e6a40f824b81342401a836432,14032778,7864320,6259998,95,TRUE,15.0791,14.9774,15.2425,15.0951,100,timed
8d6551d697ad30bb0a174e47d0bda0f8,21411210,7790919,13704888,77,TRUE,31.5936,31.4294,31.7614,31.6037,100,timed
2a9de05ff1fb55ac3c8e8700b6945372,23497098,7969177,15634268,86,TRUE,35.8332,35.7117,36.0102,35.8577,100,timed
ea54a4d9ef124d726e7a084dbeee70d6,6818186,6920601,0,104,TRUE,1.8076,1.7664,1.9261,1.8250,100,timed
a2188a64504f13d0f5ad85a687d10743,1358953,1740636,0,104,TRUE,0.8945,0.8550,1.0377,0.9123,100,timed
1285fc826d8c65dc92f132f21565d83e,38090122,7895777,30272389,86,TRUE,68.7811,68.6509,68.9610,68.7958,100,timed
aa82800062a6de72d4c1152154fedcbf,12274570,7864320,4487905,59,TRUE,10.8469,10.7506,11.0198,10.8619,100,timed
b5b2760be383c2f1485073b1c54d02e9,497674,569344,0,68,TRUE,0.5364,0.5057,0.6494,0.5531,100,timed
f792a49cba6c47c50c1838c10e6d6a76,2337558,3774873,0,89,TRUE,1.2728,1.2392,1.4173,1.2925,100,timed
47fb5adadfc9f8a75e3de789f7591943,3853194,3921674,0,50,TRUE,0.9755,0.9458,1.1022,0.9972,100,timed
b2ad69553f55d4963afbb50157f215c2,12274570,7895777,4445962,77,TRUE,11.0744,10.9555,11.1887,11.0811,100,timed
32d94cb57e0ea110e7a28555bdcacf71,6070666,6134169,0,95,TRUE,1.5193,1.4684,1.6499,1.5332,100,timed
6426e2a1f853bb8ade10ee7588a54730,3742858,3795845,0,95,TRUE,1.2949,1.2571,1.4442,1.3155,100,timed
6850ec2ead9d6fdaa4c0776aaf42876d,4445834,4508876,0,104,TRUE,1.2818,1.2450,1.4926,1.3147,100,timed
28087cc5e605205e2d53e79eb4b22942,14196618,7969177,6322913,77,TRUE,14.9909,14.8961,15.1210,15.0122,100,timed
66ea4e36f994d4bf11102cbef10a3cb1,12110730,8032092,4152360,50,TRUE,10.0596,9.9852,10.2765,10.0976,100,timed
d984ccdb72739e3717e3309f0aebf9c1,31754634,8021606,23834132,95,TRUE,54.1951,54.0595,54.3218,54.1987,100,timed
a6fda1cd5df4a97f5f44e8fd7f0d922c,13153674,7906263,5337251,86,TRUE,12.9945,12.9265,13.0912,13.0064,100,timed
7bbec64332bf58b6c1681300e18f6fb3,4006282,4068474,0,95,TRUE,1.2168,1.1714,1.4000,1.2412,100,timed
f5367826158a961af9d90baf1c87c2da,20368266,7853834,12582912,95,TRUE,29.2671,29.1486,29.4383,29.2815,100,timed
f34e759058f459e13720e99458ba704a,10199434,8032092,2233466,95,TRUE,6.0012,5.9199,6.1534,6.0143,100,timed
1a2c54fe9e8c032f910a50333346e317,1458454,1835008,0,89,TRUE,0.9891,0.9444,1.0871,1.0127,100,timed
e41f9486ea310471ad4bce8933e67224,3853194,3921674,0,77,TRUE,1.5360,1.4840,1.6218,1.5506,100,timed
fa45f7c87cb218445e188cc2ea41e89c,1870892,2359296,0,101,TRUE,1.0302,0.9748,1.1214,1.0387,100,timed
e019e10875ae9981426e349e4c21f4b2,30711690,8032092,22775070,86,TRUE,51.8163,51.6963,51.9596,51.8281,100,timed
1583dcc40be576ec7008f126e6e81512,5775242,5872025,0,95,TRUE,1.6862,1.6422,1.8480,1.7068,100,timed
4e67963454ee05f080ee6e8d44c018df,3479434,3533701,0,68,TRUE,0.9915,0.9491,1.1392,1.0122,100,timed
ca6562bcffc352e5e28fb9f67556abbf,20532106,7790919,12813598,50,TRUE,29.4722,29.3397,29.6969,29.5037,100,timed
3bfbab79666f791d23507ee92932400f,5807242,5861539,0,77,TRUE,1.3753,1.3249,1.5718,1.4042,100,timed
aed6c55f69f51f50a3ccaccfc9671bba,20532106,7906263,12698255,41,TRUE,29.1352,28.8948,29.2812,29.1421,100,timed
0ace73d4e8bea738c3d1acdf72de0c3a,31426954,7864320,23666360,113,TRUE,53.8793,53.5368,54.0066,53.8708,100,timed
11f2e9e8dbc0f211fde593054d04225a,31754634,7969177,23886561,95,TRUE,54.2350,53.8204,54.4319,54.2152,100,timed
bb00db7cdbac28ecfdb1a69529ce1dfc,10023306,8032092,2055208,86,TRUE,5.3350,5.2681,5.5529,5.3660,100,timed
2f04860e35acafe5d543b959bebdf83a,12274570,7853834,4487905,59,TRUE,10.7853,10.7071,10.9373,10.8005,100,timed
991320ea46fdc1457a1273cbf5aba759,3655562,3711959,0,95,TRUE,1.2620,1.2391,1.2960,1.2649,100,timed
662d9184fd7655dd178bf295c956ee95,20368266,7780433,12656312,86,TRUE,29.2707,29.2005,29.3470,29.2784,100,timed
e2317031edbcb3e2148b8cfb105e53a6,13153674,7864320,5368709,86,TRUE,12.7412,12.6942,12.7870,12.7468,100,timed
ea4a1885508c0b236fe14f88d0773248,19489162,7853834,11691622,86,TRUE,27.2256,27.0518,27.3809,27.2460,100,timed
a34528859efd28c7a2315dbd876f6678,5807242,5861539,0,95,TRUE,1.5018,1.4812,1.5285,1.5046,100,timed
a673e53e87c4c863a3129b8cb9ac5cda,1832915,3156213,0,104,TRUE,1.1422,1.1027,1.1878,1.1562,100,timed
d8a2a0704d6936ae39e84438d52c384c,8135050,8032092,166400,77,TRUE,1.6670,1.6118,1.7416,1.6712,100,timed
4f7d4443b757430e60f9292b63df6e5d,4445834,4508876,0,95,TRUE,1.3630,1.3303,1.3940,1.3659,100,timed
9205f3085fe97cb7a47783c3bbc01eab,5543818,5599395,0,50,TRUE,1.1037,1.0602,1.1839,1.1129,100,timed
15392df31d78737912a7fb12485d4cd6,2974090,3040870,0,50,TRUE,1.0153,0.9710,1.1351,1.0521,100,timed
6a96c1c2c8186bff3577841108abb178,3303306,3355443,0,59,TRUE,0.9298,0.8793,0.9891,0.9360,100,timed
1fe74490deafa6dc78260f94be11881d,22290314,7853834,14533263,104,TRUE,33.2425,33.1576,33.3152,33.2469,100,timed
8dcab98e50962bc64eb888de400a2d60,3797474,5567938,0,104,TRUE,1.4268,1.3911,1.5089,1.4423,100,timed
7d4b7fc1b99bcb64747f0c5b3b0046f6,22290314,8021606,14365491,104,TRUE,33.0411,32.9549,33.1273,33.0584,100,timed
c03408d8ed90c0cdece556cca6d19cf9,5631114,5683281,0,77,TRUE,1.3130,1.2854,1.3461,1.3169,100,timed
0a8388379b342a251a517c221111ac11,7871626,7906263,23040,95,TRUE,1.8853,1.8498,1.9258,1.8896,100,timed
d32d0b26d534203b48d866facd98cc3e,11067786,8032092,3093299,41,TRUE,7.6820,7.5944,7.9156,7.7115,100,timed
4715b7a3caf0b875712a6881af9cbc44,3776038,5567938,0,101,TRUE,1.4579,1.4329,1.4992,1.4649,100,timed
9fe1f5bd15d48e230a72cf36a3dba1ee,1460281,1835008,0,86,TRUE,0.9989,0.9681,1.0524,1.0099,100,timed
5f947e32909f65677cfeed1e5b4c861e,2780228,3491758,0,98,TRUE,1.1299,1.0996,1.1716,1.1386,100,timed
dcdc3948b943b4377e2b0baf50459f99,21411210,7853834,13641973,95,TRUE,31.2435,31.1721,31.3119,31.2529,100,timed
64f65883b65c291d04968606b20d998f,3940181,4917821,0,98,TRUE,1.2713,1.2446,1.2988,1.2747,100,timed
18e7e3d39b5b57052ca70818bd8382e4,20532106,7969177,12635340,41,TRUE,28.7881,28.7072,29.0599,28.8171,100,timed
6ac171bd805344168d374eaffcfffb06,9014154,8032092,1059061,104,TRUE,3.4928,3.4414,3.6446,3.5243,100,timed
17fd2abaf102f70113324aa2e536f8c4,1978038,2506096,0,98,TRUE,0.9815,0.9445,1.1031,1.0027,100,timed
fcd7b46541d43d41d7fb2eb45888a3bd,13153674,7864320,5368709,77,TRUE,12.8238,12.7306,12.9655,12.8313,100,timed
5df59f7f6a28ec02e4cd0bb73cc5729c,3035601,3785359,0,98,TRUE,1.1591,1.0945,1.3133,1.1737,100,timed
c7f7307afb5ee2b8d1533d087109f2b6,5631114,5683281,0,77,TRUE,1.3363,1.2997,1.5172,1.3719,100,timed
348b466a1cc13ad6e0e173b8a1820952,21247370,8021606,13306429,86,TRUE,30.7853,30.6658,30.9420,30.8136,100,timed
273858a4ae59fff330b62302797c3060,5104266,5148508,0,59,TRUE,1.2789,1.2385,1.4334,1.2994,100,timed
f65ccd24829156b6fc964b6588adae34,3479434,3533701,0,95,TRUE,1.3770,1.3339,1.5393,1.3947,100,timed
5ecdf1aa778267ee20e1467d932faa71,3655562,3711959,0,104,TRUE,1.3798,1.3310,1.5754,1.4035,100,timed
fc015f1f7db46316a77c9158283d2816,3690678,4613734,0,95,TRUE,1.3569,1.3134,1.4663,1.3696,100,timed
b98c29c210adbd72771cfa1b08e278d2,12274570,8021606,4320133,77,TRUE,10.6125,10.5339,10.7306,10.6308,100,timed
278a65c91e279624407615a84f3282c4,2974090,3040870,0,32,TRUE,0.7141,0.6782,0.8583,0.7335,100,timed
d32a3166e1aa90f93ab547360688e7a7,5807242,5861539,0,95,TRUE,1.6218,1.5788,1.7225,1.6384,100,timed
c722f996d921294a5b74c622d4f7ac75,540721,707840,0,92,TRUE,0.8395,0.7836,1.0048,0.8629,100,timed
01b1828b5dca8f8444035094ec798c70,11231626,7864320,3428843,41,TRUE,8.4524,8.3698,8.5961,8.4726,100,timed
e583d8c73fe8193b263b96f91caf0097,4621962,4687134,0,104,TRUE,1.4728,1.4103,1.6482,1.4884,100,timed
d3b16e5675d9f02ba3cb845067780dd7,5807242,5861539,0,95,TRUE,1.5549,1.5031,1.6610,1.5663,100,timed
4b2cfa4209f065e2da6757ce46c0b8e5,3566730,3628072,0,68,TRUE,1.0062,0.9618,1.1135,1.0168,100,timed
9cdc8d7d74f726a82ca50f89f295d6d2,5059978,5148508,0,59,TRUE,1.1849,1.1392,1.3452,1.2176,100,timed
7a72c7556c98f2eb3bef29ddc9195761,3039882,3082813,0,86,TRUE,1.3226,1.2765,1.4466,1.3395,100,timed
3835552b2806f980e414bef37786ea06,10188682,7864320,2380267,32,TRUE,6.1156,6.0464,6.2884,6.1510,100,timed
72ca27bfb1b218686ba027508d5fee83,21575050,7895777,13757317,86,TRUE,31.7970,31.6969,31.9750,31.8202,100,timed
fc41ef9b2bce1764654dc9f0975f75da,31590794,7864320,23834132,104,TRUE,54.2603,54.1262,54.4851,54.2873,100,timed
ba4571cd14baeac35e8379941d456294,22290314,7864320,14522777,104,TRUE,33.4654,33.2971,33.5957,33.4741,100,timed
ab5eb5f1bbe888a3f8ac13fdb600675d,8574602,8032092,611840,104,TRUE,2.6070,2.5662,2.7508,2.6320,100,timed
bce637b42a97ffd878015bb681c21f0e,2810250,2873098,0,59,TRUE,1.1257,1.0837,1.2506,1.1440,100,timed
316e8d8502dc03f3796a24a53138df45,8135050,8032092,166400,95,TRUE,1.9337,1.8892,2.0829,1.9583,100,timed
94bd326911f061808bc2197d97760da8,6070666,6134169,0,95,TRUE,1.5672,1.5174,1.7184,1.5806,100,timed
05da7d72a9bd37624c59ecc2a3dfc38f,13317514,7906263,5494538,68,TRUE,13.2593,13.1612,13.4449,13.2793,100,timed
9f8cbcb28eeffd2271d4e9d9452fc36c,3918986,3974103,0,95,TRUE,1.4609,1.4081,1.5760,1.4766,100,timed
86ef58b422915affbb5f01dc2fc5c1ce,6246794,6312427,0,95,TRUE,1.6584,1.6047,1.7843,1.6737,100,timed
3d1d7f2bdc5edf724b40a350b2812bd8,3643474,4550819,0,86,TRUE,1.2663,1.2286,1.4432,1.2886,100,timed
37b9119d970b5fed20e62a2cda96a096,14032778,7853834,6270484,104,TRUE,14.9908,14.9115,15.1110,15.0033,100,timed
1861cea8716fd7bebbd36446e7c95ea5,5807242,5861539,0,95,TRUE,1.6011,1.5127,1.8367,1.6366,100,timed
0654ed6d7181262f3d079ce95db83fb7,4709258,4781506,0,86,TRUE,1.2329,1.1864,1.3477,1.2567,100,timed
076175c02ee6af358f26fc51a966a1bd,712074,752640,0,86,TRUE,1.0628,1.0167,1.2098,1.0817,100,timed
731e2263c5d50c0a09dc9594f0c8a165,3216010,3261071,0,59,TRUE,0.9943,0.9590,1.0909,1.0110,100,timed
9cfdcd94e42e27e1c98ab7a399c632c0,4182410,4246732,0,104,TRUE,1.3863,1.3221,1.5021,1.4027,100,timed
16a0f01729c0044e29933500d3355681,6070666,6134169,0,68,TRUE,1.2728,1.1898,1.3911,1.2904,100,timed
90a35050239ec41f90adb19f0aa7a9e3,2810250,2873098,0,95,TRUE,1.8397,1.7715,2.0113,1.8769,100,timed
eb7e2ac6e1c5b3218d8ea1e9f8cc1b33,2294154,2359296,0,86,TRUE,1.0371,0.9748,1.1220,1.0540,100,timed
c330076d84843e97be8255f84e6bf74a,29668746,7853834,21894266,86,TRUE,50.1257,50.0096,50.3133,50.1400,100,timed
b3dc79507d0bd5a4b0915ba165376fbf,6510218,6574571,0,95,TRUE,1.6161,1.5715,1.7772,1.6467,100,timed
1ae5551b973f460743db65219af7898c,12110730,7895777,4288675,68,TRUE,10.6644,10.5765,10.8054,10.6777,100,timed
c1dba24fc08f29b230d7d3c098c9517c,28789642,7906263,20961034,41,TRUE,47.6947,47.5741,47.8248,47.6995,100,timed
23d302b91df3ec80c544842601aa257e,422188,557312,0,71,TRUE,0.7396,0.7070,0.8141,0.7479,100,timed
3a16795828f528947e1a784bab36b74c,3566730,3628072,0,68,TRUE,1.0005,0.9568,1.2439,1.0410,100,timed
3f12fe5fc66531a4617e1286321e2da8,3742858,3795845,0,95,TRUE,1.2263,1.1870,1.3418,1.2433,100,timed
49c8ac2ed4a5e22d332c0e01bc348826,2490952,3114270,0,95,TRUE,1.1174,1.0723,1.2403,1.1424,100,timed
c371b88a82c4255021bc21b73830d5bc,3642172,4550819,0,77,TRUE,1.1812,1.1466,1.2618,1.1958,100,timed
056315d7cf3e923b7c183ed40921722d,8135050,8032092,166400,95,TRUE,1.9347,1.8774,2.0782,1.9530,100,timed
1dc1e82eea097075a9e046d10b419a42,14032778,7969177,6155141,104,TRUE,14.5903,14.4704,14.7972,14.6163,100,timed
a7566f2090f0f83d77330a8c572c6402,19489162,7790919,11765022,41,TRUE,27.1024,26.9880,27.2985,27.1165,100,timed
