hash,params,coral_latency_ms,coral_offchip_bytes,gpu_latency_ms_median,gpu_latency_ms_min,gpu_latency_ms_p95,gpu_latency_ms_mean,gpu_n_timed,provider,status
01255ccfd5c249c23e59b1125d370908,2615080,1.0938,0,3.0052,2.6973,4.9108,3.2855,100,CUDAExecutionProvider,timed
012deff52786819c4b8ca442cc075ac9,4896138,1.6643,0,1.9558,1.7973,3.3920,2.1341,100,CUDAExecutionProvider,timed
013a977ba88a7972bed8f40b51051eb9,5775242,1.8361,0,2.1836,1.9703,3.8432,2.4347,100,CUDAExecutionProvider,timed
014722f96dcbf25ec351a10bc88871bc,2593855,1.1614,0,3.1280,2.6727,5.2759,3.4512,100,CUDAExecutionProvider,timed
016a8156059966556e79d93d1c1ace0a,2800487,1.1946,0,3.1010,2.7742,5.2774,3.4041,100,CUDAExecutionProvider,timed
016dcad6f7847b83fa79dc0231d5a6d5,3410512,1.2309,0,3.2257,2.8162,5.1641,3.5020,100,CUDAExecutionProvider,timed
01b1828b5dca8f8444035094ec798c70,11231626,8.4524,3428843,1.6779,1.5785,3.0887,2.1677,100,CUDAExecutionProvider,timed
01b6443af4ae121be7e33e9abd7f1daa,12989834,12.6492,5221908,2.7058,2.4577,4.3476,2.9695,100,CUDAExecutionProvider,timed
01e08d5b229c39f1b9d53ed89690c0fe,31754634,54.4161,23959961,4.4645,3.8877,6.4382,4.7860,100,CUDAExecutionProvider,timed
0201c8e043beffa4a4f4ddcb55fc0876,5104266,1.3985,0,2.2717,1.6424,3.7684,2.4071,100,CUDAExecutionProvider,timed
0213ed65ad672eea518d0a12474f2c95,6686346,1.6832,0,3.4394,2.4918,5.9892,3.6799,100,CUDAExecutionProvider,timed
0231bc51007e5e3ad54127eef319e4c0,3697575,1.3631,0,3.3448,2.9648,5.1006,3.5991,100,CUDAExecutionProvider,timed
02c17e732f082022a8bba0a62c6519a0,13153674,13.0541,5368709,2.7463,2.5672,4.4624,2.9749,100,CUDAExecutionProvider,timed
031c1f0c8c25ed2705bfb80539a6b602,3479434,1.3488,0,2.0042,1.8143,3.7209,2.2254,100,CUDAExecutionProvider,timed
03285238b082a745991a143294b28878,1870892,1.0207,0,2.8115,2.4139,4.8524,3.1221,100,CUDAExecutionProvider,timed
035fafd24973204e35ccb92ad464a20c,5104266,1.1668,0,1.6232,1.4516,2.9510,1.8709,100,CUDAExecutionProvider,timed
0392e8a0e2939ec313ca5c4ca0492312,1978762,0.9258,0,1.8478,1.6529,3.1903,2.0334,100,CUDAExecutionProvider,timed
03b9809587069dbdac357e57b8ff0976,3742858,1.2155,0,2.0579,1.9047,3.7111,2.2614,100,CUDAExecutionProvider,timed
03c0143660099a77958ebe78355f2044,3365952,1.4858,0,3.3486,2.8936,4.9534,3.5591,100,CUDAExecutionProvider,timed
03d84046b0ce567b2b59e85903aa2f5f,6422922,1.3763,0,2.0031,1.8515,3.6914,2.2469,100,CUDAExecutionProvider,timed
0404382a6b008f0313713a0adf913655,31590794,53.8627,23718789,4.3385,4.0171,6.1054,4.6490,100,CUDAExecutionProvider,timed
040f0b5b968c899f85671d96eeb43c10,11231626,8.6899,3502243,1.8350,1.7034,3.0634,2.0151,100,CUDAExecutionProvider,timed
043721b9c7fe8c5fad811d47d83132ec,888202,0.3898,0,0.4776,0.4142,0.9600,0.5484,100,CUDAExecutionProvider,timed
04a50cabdbd9327c5a9cd2426e95fc9f,1591178,0.8893,0,1.3213,1.2279,2.5482,1.5085,100,CUDAExecutionProvider,timed
05437333d52f605fd717faa8bf950542,20532106,29.1975,12635340,2.7216,2.4926,4.1451,2.9754,100,CUDAExecutionProvider,timed
056315d7cf3e923b7c183ed40921722d,8135050,1.9347,166400,2.6484,2.4138,4.1905,2.8813,100,CUDAExecutionProvider,timed
05932f264e5efffbbc8ec56d786d930f,20532106,29.3866,12750684,2.9989,2.7841,4.5380,3.2416,100,CUDAExecutionProvider,timed
05da7d72a9bd37624c59ecc2a3dfc38f,13317514,13.2593,5494538,2.2843,2.1045,3.7363,3.1159,100,CUDAExecutionProvider,timed
0613b92e3d1d46b3d29fcf00d44072c6,12274570,11.1705,4445962,2.5000,2.2841,3.9267,2.6720,100,CUDAExecutionProvider,timed
0648c8fbdf36f125c1f0580e5a713f5a,7695498,1.7197,0,2.4772,2.2385,4.1571,2.8092,100,CUDAExecutionProvider,timed
0654ed6d7181262f3d079ce95db83fb7,4709258,1.2329,0,2.1167,1.9602,3.8967,2.3562,100,CUDAExecutionProvider,timed
06648f11e4c7ba76457d113f0d3501e1,13153674,12.8400,5368709,2.6099,2.3880,4.1654,2.8311,100,CUDAExecutionProvider,timed
076175c02ee6af358f26fc51a966a1bd,712074,1.0628,0,1.9608,1.4115,3.5695,2.1923,100,CUDAExecutionProvider,timed
0789c1b90c28464af3c753f95b28613d,538894,0.8141,0,3.1654,2.1153,5.1007,3.3857,100,CUDAExecutionProvider,timed
083ee66bbaafd65732757ced69e68dc5,4182410,1.3392,0,3.0396,2.1935,4.8079,3.2686,100,CUDAExecutionProvider,timed
08677281806ea9c8ea2451ce3093e9c3,888202,0.6044,0,1.4794,0.9437,3.0361,1.6824,100,CUDAExecutionProvider,timed
08f1aa9d78d7a077b3691e61b60cc315,7861130,1.8553,0,2.5627,2.1371,4.7098,2.9135,100,CUDAExecutionProvider,timed
0934382716064e95d27691330b30253c,5104266,1.5886,0,2.2005,1.9262,3.8480,2.4231,100,CUDAExecutionProvider,timed
093c374abde96ff2195a516ed51d8930,1978762,0.9442,0,2.0411,1.7991,3.7115,2.3412,100,CUDAExecutionProvider,timed
0970f440a3f00ae09ecdb6f5d27540e3,7871626,1.9013,23040,2.8550,2.4151,4.6879,3.2173,100,CUDAExecutionProvider,timed
09cc2e6a3bb766ba617fa99236c5ff4f,21411210,31.5160,13704888,3.3516,2.8803,4.7968,3.5441,100,CUDAExecutionProvider,timed
09fc2d10bdd6225e167a6f81a22a3f06,2810250,0.8278,0,1.0485,0.9373,1.9328,1.1904,100,CUDAExecutionProvider,timed
0a3bcce1bdb5ad9e9809e6dae4ef451d,3479434,1.1307,0,1.8954,1.5951,3.3204,2.1293,100,CUDAExecutionProvider,timed
0a717117beece9157e67f6eb75517763,2205322,0.9177,0,2.0446,1.8148,3.8640,2.3578,100,CUDAExecutionProvider,timed
0a8388379b342a251a517c221111ac11,7871626,1.8853,23040,2.6329,2.3234,4.5164,2.9348,100,CUDAExecutionProvider,timed
0aa38cacf8f33fe81fe44d932636e9f2,8398474,2.1307,434688,3.2676,2.7135,5.0525,3.5177,100,CUDAExecutionProvider,timed
0ace73d4e8bea738c3d1acdf72de0c3a,31426954,53.8793,23666360,4.5206,4.1477,6.2416,4.8210,100,CUDAExecutionProvider,timed
0b08e23e6e8b9337416ee884a50d577a,946570,0.7274,0,1.6031,1.4013,3.5578,1.9325,100,CUDAExecutionProvider,timed
0b192a7077200e1888810a75d49754f3,4182410,1.3635,0,2.0648,1.8865,3.9385,2.3890,100,CUDAExecutionProvider,timed
0b311d4cc1e30b4e6643be185f501b28,12110730,10.5408,4393533,2.2269,2.0331,3.6451,2.4726,100,CUDAExecutionProvider,timed
0b4c894ca3edffb49c77ea258aa3f72e,6510218,1.5059,0,2.3419,2.0516,3.6182,2.5757,100,CUDAExecutionProvider,timed
0b6b76b6f2150440bf717d660b3fd567,2030730,1.1554,0,1.8306,1.6231,3.3421,2.0871,100,CUDAExecutionProvider,timed
0bc81d0ab8d29c89e00e8795ea66bcad,14196618,15.1845,6427770,2.6101,2.3360,4.4182,2.9174,100,CUDAExecutionProvider,timed
0c7938a14731a85d2fd0aca298eda074,12110730,10.6256,4320133,2.5657,2.2716,4.2252,3.0695,100,CUDAExecutionProvider,timed
0c89700597ad3662c85d1a1457ca94c2,7432074,1.8343,0,2.4076,2.1699,3.9347,2.6321,100,CUDAExecutionProvider,timed
0cc9426bf35e6e110d77bb8fbca177ba,10188682,6.4392,2453667,1.7054,1.5914,2.7890,1.8655,100,CUDAExecutionProvider,timed
0cd5aff4e3f44ec7fd0cdea0b25cbcc5,6070666,1.4283,0,2.3799,2.1285,4.1799,2.7301,100,CUDAExecutionProvider,timed
0d3c0ce16a90c0d50618769f2547c8f2,20368266,28.9283,12415139,3.0022,2.8018,4.6797,3.2803,100,CUDAExecutionProvider,timed
0d90a5d14d815418d08a5a53d9f0bad2,4521276,1.5709,0,3.7129,3.2712,5.6058,4.0956,100,CUDAExecutionProvider,timed
0da761dba61a8ddaa4458e24c94abffc,2776458,1.3503,0,1.9623,1.6577,3.5893,2.1803,100,CUDAExecutionProvider,timed
0dee31cc5fa22a286f00a90c2dc8f8ee,19489162,27.2311,11691622,2.8312,2.6642,4.1746,3.0730,100,CUDAExecutionProvider,timed
0e1593a94de5bc5e0ebff96ebe4e7304,16118666,19.2955,8262778,3.1141,2.8753,5.0762,3.4480,100,CUDAExecutionProvider,timed
0e29b0f85d696cc300af5b65c7ea264d,31754634,54.4842,23959961,4.0849,3.8716,5.7785,4.3867,100,CUDAExecutionProvider,timed
0e31775732548b0c90d80a6bd2f9154d,10023306,5.4945,2055208,2.7193,2.4765,4.5830,3.0806,100,CUDAExecutionProvider,timed
0e46dc003e269edef361afacbb1dfec7,2151197,1.0852,0,3.0523,2.5595,5.0961,3.3967,100,CUDAExecutionProvider,timed
0ea046bd83ad24242aa4e1ed1090a073,11067786,8.4877,3271557,2.3947,2.2207,4.0847,2.6558,100,CUDAExecutionProvider,timed
0ed8f83666e1fb7f79ca02bdde890d2d,1013770,0.6799,0,1.6336,1.4737,3.2614,1.8563,100,CUDAExecutionProvider,timed
0ee493fe7bb618a0ae642840558f62a0,1767306,0.9718,0,1.0611,0.9642,2.0140,1.1997,100,CUDAExecutionProvider,timed
110619da4fafebfc831b21d26343a230,1578289,0.8676,0,2.4657,2.2102,4.1210,2.7086,100,CUDAExecutionProvider,timed
115c3dfab6fd1231dd465ca5a0d5b507,3303306,0.8219,0,1.4115,1.2917,2.6740,1.6349,100,CUDAExecutionProvider,timed
11ce5773627a6bc429030308a0a119ff,5543818,1.2243,0,1.8672,1.6476,3.5250,2.1570,100,CUDAExecutionProvider,timed
11f2e9e8dbc0f211fde593054d04225a,31754634,54.2350,23886561,4.2704,3.8989,5.7942,4.4869,100,CUDAExecutionProvider,timed
126ea449e5bc5ea4428d138c5c5ff41d,3525514,1.8986,0,2.1660,1.9254,4.0685,2.4157,100,CUDAExecutionProvider,timed
1285fc826d8c65dc92f132f21565d83e,38090122,68.7811,30272389,4.4118,4.1582,5.8765,4.6677,100,CUDAExecutionProvider,timed
12f87ffb6565d759e00d7536ae4b5200,5543818,1.5818,0,2.3361,2.0976,4.2115,2.6323,100,CUDAExecutionProvider,timed
1301d79cd7922fa516eea152b69b1aca,2664111,1.2127,0,3.1495,2.7906,5.2721,3.5140,100,CUDAExecutionProvider,timed
139eaf391eac2a81db1f8c2c773217bf,3031497,1.1462,0,3.3539,2.8872,5.1523,3.6168,100,CUDAExecutionProvider,timed
13e677d747f01fcad4c15aa4b6d86c96,6862474,1.8659,0,2.7143,2.4526,4.4825,3.0045,100,CUDAExecutionProvider,timed
1484414f42c86d8c9715aea5385d6725,6862474,1.8225,0,2.7337,2.4368,4.4961,3.0180,100,CUDAExecutionProvider,timed
1499a73e3b84789ad556ca8303455065,24376202,37.9901,16588472,3.6795,3.3676,5.5125,3.9954,100,CUDAExecutionProvider,timed
15392df31d78737912a7fb12485d4cd6,2974090,1.0153,0,1.1616,1.0501,2.0994,1.2855,100,CUDAExecutionProvider,timed
1583dcc40be576ec7008f126e6e81512,5775242,1.6862,0,2.1001,1.8844,3.7940,2.4045,100,CUDAExecutionProvider,timed
1596fd1ef512a1f2e0d53a5f56881d8c,3918986,1.2242,0,2.1840,1.9284,3.7021,2.4409,100,CUDAExecutionProvider,timed
15ab0e32f80a8c849f3059558d6870ef,12989834,12.6006,5211422,2.8471,2.6463,4.4595,3.0949,100,CUDAExecutionProvider,timed
15cb16810ae9474dee310a1eb9328967,3071395,1.2495,0,3.3232,2.9181,5.6711,3.6847,100,CUDAExecutionProvider,timed
16145ce8a1a7ec9c0cc956d794267763,3487287,1.4565,0,3.2745,2.8054,5.3064,3.5807,100,CUDAExecutionProvider,timed
16225523801005dd8ea21f1ef27c0310,13868938,14.7228,6102712,3.0990,2.8448,5.0137,3.4210,100,CUDAExecutionProvider,timed
167e7c85c4a65b87b0fd985096f55495,22290314,33.2070,14522777,3.5940,3.3386,5.5709,3.9947,100,CUDAExecutionProvider,timed
168e95938db8e7c52112e58c0f292079,1415050,0.4827,0,1.1752,1.0189,2.1737,1.3661,100,CUDAExecutionProvider,timed
16a0f01729c0044e29933500d3355681,6070666,1.2728,0,2.0619,1.8701,3.5160,2.2463,100,CUDAExecutionProvider,timed
17231e3e4bdb695ba7f4938fe4bb313f,1300746,0.6958,0,1.8775,1.6870,3.3312,2.1473,100,CUDAExecutionProvider,timed
173b06d79e4c725a3c7bb7d2d1a05177,2794695,1.1689,0,3.2257,2.7571,5.1189,3.5368,100,CUDAExecutionProvider,timed
174c06f72389faa51a6b8153b87fd380,12989834,12.7739,5284823,2.5839,2.3399,4.2059,2.8371,100,CUDAExecutionProvider,timed
178a4448e12d9f02821df3b4993a5897,22454154,33.6802,14648606,3.3914,3.1296,4.8032,3.5975,100,CUDAExecutionProvider,timed
17fd2abaf102f70113324aa2e536f8c4,1978038,0.9815,0,3.0988,2.6849,5.5831,3.3756,100,CUDAExecutionProvider,timed
1861cea8716fd7bebbd36446e7c95ea5,5807242,1.6011,0,2.3419,2.0945,4.0276,2.6364,100,CUDAExecutionProvider,timed
1864812c899522d96a54dec5a4625e45,1749642,0.8201,0,2.0539,1.7979,3.9093,2.3781,100,CUDAExecutionProvider,timed
18717f525fd1554aea7a0ec9907b633a,1740447,1.0712,0,2.9396,2.5786,4.7592,3.1719,100,CUDAExecutionProvider,timed
188ca2126f2621e2f367864d15117356,5807242,1.5317,0,2.3070,2.0092,3.6867,2.5623,100,CUDAExecutionProvider,timed
18e7e3d39b5b57052ca70818bd8382e4,20532106,28.7881,12635340,2.4287,2.2668,3.2830,2.5836,100,CUDAExecutionProvider,timed
18f0bea6e38607c88b03a8b2ba7bcc8e,4017034,1.1452,0,1.4228,1.2244,2.8119,1.5962,100,CUDAExecutionProvider,timed
19a7627b5a32093b415f7837ab27e5cd,3365427,1.4262,0,3.2247,2.8397,5.0249,3.5129,100,CUDAExecutionProvider,timed
1a23d766bc88a66c08a77daa62511899,11946890,10.1983,4152360,2.2537,2.0530,3.8022,2.4633,100,CUDAExecutionProvider,timed
1a2c54fe9e8c032f910a50333346e317,1458454,0.9891,0,2.6297,2.3279,4.9477,2.9612,100,CUDAExecutionProvider,timed
1ae5551b973f460743db65219af7898c,12110730,10.6644,4288675,2.2116,2.0444,3.5935,2.4280,100,CUDAExecutionProvider,timed
1afab1094896c3d6eee4534861682aea,3534199,1.2763,0,3.3094,2.8122,5.4212,3.6532,100,CUDAExecutionProvider,timed
1afd00395ec69ed9f63948e25b6b3fe9,3039882,1.0984,0,1.7560,1.4818,3.3767,1.9996,100,CUDAExecutionProvider,timed
1b52eedea10c86e566841c87ddfe4125,2619709,1.1401,0,2.9212,2.5795,4.7791,3.1925,100,CUDAExecutionProvider,timed
1b907c229ed015b3f2ef1a17ed706709,6070666,1.4938,0,2.4467,2.1580,4.1976,2.7063,100,CUDAExecutionProvider,timed
1c14688f9132dec0c53d90f9480c8527,3014829,1.1270,0,3.3163,2.8950,5.1020,3.6814,100,CUDAExecutionProvider,timed
1c5e924cca660d3ff445a2f34da5e7d9,3704544,1.3194,0,3.5528,3.0560,5.7804,3.9649,100,CUDAExecutionProvider,timed
1ca7a0759b04e3e871b9391849ff5914,2776458,0.9342,0,1.2925,1.1588,2.7406,1.5505,100,CUDAExecutionProvider,timed
1d32ff28746ec3f856ff5b2103ff8c87,10199434,5.8436,2233466,3.0540,2.6796,4.7285,3.3644,100,CUDAExecutionProvider,timed
1d51417872db404b98002772ce6918ef,12274570,10.9746,4372561,2.4610,2.2264,3.5166,2.6018,100,CUDAExecutionProvider,timed
1dc1e82eea097075a9e046d10b419a42,14032778,14.5903,6155141,3.1338,2.7394,4.9523,3.4663,100,CUDAExecutionProvider,timed
1dc4b0379b65b432b148aeed88fc6504,2857003,1.3491,0,3.2010,2.8397,5.0524,3.4871,100,CUDAExecutionProvider,timed
1e174f53f1f1ab7f67f3117c88f06469,31590794,54.3889,23907532,4.3080,3.9647,6.1505,4.6131,100,CUDAExecutionProvider,timed
1e3dad61a43e8ea069745069f68062e3,7432074,1.6325,0,2.1869,1.9285,4.0950,2.4311,100,CUDAExecutionProvider,timed
1e7a78da6c7fdcd80c785c167a962a25,6334090,1.4571,0,2.4676,2.2270,4.2535,2.7610,100,CUDAExecutionProvider,timed
1eac8b63b3ed0ebddd37682e7d2b30d4,4006282,1.2654,0,2.1941,1.9722,3.9936,2.6197,100,CUDAExecutionProvider,timed
1ec8f6c2cee11678ee2390c9a260756d,5631114,1.4351,0,2.2103,2.0054,3.7439,2.4138,100,CUDAExecutionProvider,timed
1ecb5011982f7afbbe77f62781d9890a,22126474,32.5729,14187233,3.8105,3.4869,5.4602,4.0745,100,CUDAExecutionProvider,timed
1eedce0cf2d0b9e046f262a7348bd5a4,1941898,0.9015,0,1.9325,1.7542,3.6594,2.2441,100,CUDAExecutionProvider,timed
1eeeb1ba375ad89b28edc6e8b86d2b95,5367690,1.4699,0,2.1685,1.9403,3.8869,2.4006,100,CUDAExecutionProvider,timed
1f5dd39f87696e1919815c0f2bfe69fc,14360458,15.2453,6480199,2.5883,2.3783,4.3896,2.8153,100,CUDAExecutionProvider,timed
1f7d9e17259b6fbd22a3f062aee0707f,23333258,35.7182,15571353,3.5835,3.2797,5.2782,3.8660,100,CUDAExecutionProvider,timed
1f941406ab56a639aa09655485551228,1007260,0.8734,0,2.5067,2.1990,4.4371,2.7800,100,CUDAExecutionProvider,timed
1fe74490deafa6dc78260f94be11881d,22290314,33.2425,14533263,3.6695,3.3341,5.1301,3.8933,100,CUDAExecutionProvider,timed
20259ceb22b0ddbdc2fa770958593602,1757765,1.0469,0,2.7264,2.4226,4.8591,3.0676,100,CUDAExecutionProvider,timed
20eb3079cc47b71a42078650fef10acb,6686346,1.7624,0,2.6139,2.3077,4.3984,2.9373,100,CUDAExecutionProvider,timed
2105e2560b24d9f593f378f60564da62,1813801,0.9272,0,2.8955,2.5249,5.0320,3.1662,100,CUDAExecutionProvider,timed
21441e79b8e2987920db18e3db6dbe26,6773642,1.5550,0,2.7995,2.4620,4.4257,3.0744,100,CUDAExecutionProvider,timed
2149da2d47575fcb253d4999f2b5e97c,12825994,12.3511,5117050,2.9510,2.7273,4.5455,3.1769,100,CUDAExecutionProvider,timed
216b95c163d04dd694c711adfcb33a2f,1415050,0.9781,0,1.6404,1.4666,3.1588,1.9340,100,CUDAExecutionProvider,timed
21ba5b8c49bac5132d4b27d0a52309e9,4621962,1.3840,0,2.2872,1.9819,4.1280,2.6638,100,CUDAExecutionProvider,timed
21fc7949ccbefbbaaa879490155fce24,5543818,1.6382,0,2.2564,2.0852,4.0881,2.5191,100,CUDAExecutionProvider,timed
2287179716f9f737509e545a72935d73,14196618,14.9031,6322913,2.8510,2.5837,4.8181,3.1520,100,CUDAExecutionProvider,timed
229ad37fca0db5be24bfcce9cb434885,12110730,10.1009,4152360,1.9644,1.8173,3.2154,2.1291,100,CUDAExecutionProvider,timed
23210bc67e4905db94d53ca2faa94683,6818186,1.8427,0,2.3486,2.0739,4.0501,2.6115,100,CUDAExecutionProvider,timed
232b900e952d86a83b0ff85c0a22cca0,12110730,10.3978,4278190,1.9254,1.8089,3.0944,2.1152,100,CUDAExecutionProvider,timed
2353fb48bc457d282a97ca0952fe81cc,30547850,51.8113,22775070,3.9935,3.6339,6.0226,4.4263,100,CUDAExecutionProvider,timed
23c627ab1005986bc302013e636f74b7,12274570,10.6935,4372561,2.4327,2.2028,4.0955,2.6463,100,CUDAExecutionProvider,timed
23d302b91df3ec80c544842601aa257e,422188,0.7396,0,1.9361,1.6368,3.5007,2.1710,100,CUDAExecutionProvider,timed
23f8555ecc00f016e990ecc73ea974b7,6686346,1.6939,0,2.7076,2.4871,4.5177,3.0327,100,CUDAExecutionProvider,timed
243037e12607b17d7f6704fcee4054af,1327754,0.8608,0,1.1778,1.0606,2.2148,1.3393,100,CUDAExecutionProvider,timed
246b7cbd9e3cf0a489eaf9c4a1da7259,15075722,17.3551,7319060,3.0547,2.7536,5.0053,3.3061,100,CUDAExecutionProvider,timed
24a787a1d9370b2a4774f02d5ec9c4d3,3830154,1.0992,0,2.0843,1.8558,3.8220,2.3937,100,CUDAExecutionProvider,timed
24c4c721360d64daac9dd571817d6f6b,3742858,1.2881,0,2.1220,1.8785,4.2275,2.4454,100,CUDAExecutionProvider,timed
25096dc2986f9bd17a2d1ec37f88cfdf,15075722,16.9783,7151288,2.9640,2.7496,4.6791,3.2085,100,CUDAExecutionProvider,timed
250c5f63f0a4a985e704c8b6b34fd6ef,8750730,3.1283,912896,2.8979,2.5265,5.0674,3.3359,100,CUDAExecutionProvider,timed
254b3c11e4f6b7efff630810abcfb911,830972,0.8821,0,2.7303,2.2684,4.3714,2.9894,100,CUDAExecutionProvider,timed
2570684e6c93beef23eba988fc127e25,12110730,10.5622,4320133,2.2674,2.0518,3.8276,2.5190,100,CUDAExecutionProvider,timed
257bbcabebeac5cf4a05d90f7c40e153,8574602,2.3899,610304,2.4619,2.2471,4.1026,2.7118,100,CUDAExecutionProvider,timed
25a0e9ef34153e7ebbc2859b240a8aa4,3689354,1.9413,0,2.0443,1.8265,3.9351,2.3424,100,CUDAExecutionProvider,timed
25b8b63322b04bdb25b851c263b2dc42,6070666,1.4266,0,2.3502,2.1395,4.0984,2.6422,100,CUDAExecutionProvider,timed
25f9518d1d78d0afa6973598504514c1,3303306,1.0746,0,1.6278,1.4830,3.4509,1.8780,100,CUDAExecutionProvider,timed
2606681fe3610e3e4daf4995c9080417,2032000,1.0762,0,3.0354,2.5320,4.7533,3.2655,100,CUDAExecutionProvider,timed
2626b5c0d77a00273062ab96adf47b64,3303306,1.2364,0,1.8808,1.6840,3.2831,2.1139,100,CUDAExecutionProvider,timed
26ba0d72dc61765a22e3a27a93a358a2,4445834,1.2917,0,2.4302,2.1650,4.2824,2.7527,100,CUDAExecutionProvider,timed
273858a4ae59fff330b62302797c3060,5104266,1.2789,0,1.6805,1.4874,3.3706,1.9086,100,CUDAExecutionProvider,timed
276d9b262722e4cb6391dc9fed698aa7,24376202,37.6712,16515072,3.8168,3.4644,5.3861,4.1459,100,CUDAExecutionProvider,timed
2777d15efdb2babf660108adf41b5c58,2727241,1.1002,0,3.2466,2.8000,5.7058,3.6521,100,CUDAExecutionProvider,timed
27869617a9bfc0da5f109c84c4a939c7,21411210,31.4785,13641973,3.3648,3.1060,4.9822,3.6111,100,CUDAExecutionProvider,timed
278a65c91e279624407615a84f3282c4,2974090,0.7141,0,0.8792,0.7952,1.6032,0.9606,100,CUDAExecutionProvider,timed
2796f1f6b3bc126233b45ddecb92ff18,1988123,1.0100,0,3.0747,2.5640,5.1861,3.4823,100,CUDAExecutionProvider,timed
27dc55892a49a9dd4fc9732c25d8fbcc,10462858,6.3758,2495610,3.2554,2.7811,5.1462,3.5618,100,CUDAExecutionProvider,timed
28087cc5e605205e2d53e79eb4b22942,14196618,14.9909,6322913,2.5390,2.3432,4.0491,2.7536,100,CUDAExecutionProvider,timed
281a90bd259878c4e3a6812d68e0bc4b,3039882,1.2906,0,1.8308,1.6417,3.6559,2.0651,100,CUDAExecutionProvider,timed
2828eef801200e5557e3024786e8ec74,6686346,1.7806,0,2.7078,2.3115,4.5724,3.0672,100,CUDAExecutionProvider,timed
287b525d274fd684528ed557aa9e6b11,5807242,1.4211,0,2.2387,1.9830,4.1890,2.5487,100,CUDAExecutionProvider,timed
28986004b1d5902d97878e6a72802dc9,2456616,1.2147,0,2.7893,2.3995,4.6512,3.0208,100,CUDAExecutionProvider,timed
2a0e13ead6ab55828814b273435fc75e,31590794,53.8109,23676846,4.3241,4.0381,6.1718,4.6653,100,CUDAExecutionProvider,timed
2a3d57754e3da2cec361d4b21d05c911,5807242,1.5226,0,2.1821,2.0173,3.9491,2.4588,100,CUDAExecutionProvider,timed
2a5ecf52cbbc72f82e9d3f85f3899354,2784332,1.1945,0,3.3033,2.8132,5.5495,3.6319,100,CUDAExecutionProvider,timed
2a922a7a0697d6ce64e8d578155b0c0d,8311178,2.1738,390656,2.9059,2.5828,4.5724,3.1987,100,CUDAExecutionProvider,timed
2a9de05ff1fb55ac3c8e8700b6945372,23497098,35.8332,15634268,3.3669,3.1283,5.1491,3.6772,100,CUDAExecutionProvider,timed
2ac790ea15872d689a7c1dde78d435fd,13153674,12.9477,5452595,2.3402,2.1246,3.9678,2.5786,100,CUDAExecutionProvider,timed
2af739975919c70aeb3220cf342a675e,3853194,1.1196,0,1.3691,1.2350,2.7156,1.6004,100,CUDAExecutionProvider,timed
2b1027320feb50ac8ec9666faecc71d5,4301142,1.5581,0,3.3087,2.9683,5.6425,3.7174,100,CUDAExecutionProvider,timed
2b793391542d1c3feb8480612fe8f236,4269706,1.0655,0,2.0621,1.8624,3.8456,2.3557,100,CUDAExecutionProvider,timed
2b92baf1c73cd1db1bc4ef791da1bfa5,19489162,26.9622,11534336,2.7639,2.5486,4.3722,2.9861,100,CUDAExecutionProvider,timed
2bbd45993be265cb509161b6d75c8d92,14032778,14.9820,6270484,2.8694,2.6142,4.8245,3.1674,100,CUDAExecutionProvider,timed
2bf548699570ea68a4cd1b967cd088d5,6510218,1.6158,0,2.6177,2.3718,4.3794,2.9104,100,CUDAExecutionProvider,timed
2c6d2b337e4e88e1b95b956eeb25a765,6246794,1.5851,0,2.5736,2.3476,4.0760,2.8613,100,CUDAExecutionProvider,timed
2c751a7023a29f5c4e0b9d47e3db010d,2118026,1.0123,0,1.9521,1.7507,3.7739,2.2080,100,CUDAExecutionProvider,timed
2c8251c708c98122e003a8b7e6e1b7cc,19489162,26.9267,11691622,2.3099,2.1691,3.6137,2.5302,100,CUDAExecutionProvider,timed
2ce34fada9900cdbd52a7d113f4b7055,1577512,0.9628,0,3.1297,2.2762,4.9912,3.2852,100,CUDAExecutionProvider,timed
2d28553a81331f53056dd92d99c4f169,658477,0.8094,0,2.5557,2.2395,4.6562,2.8239,100,CUDAExecutionProvider,timed
2d5413cb4137167fcd3dbfc48f88367f,2767014,1.1037,0,3.0638,2.6368,5.2564,3.4095,100,CUDAExecutionProvider,timed
2d91b76965365cc40770e11ff78762cb,21411210,31.5003,13641973,3.3528,3.1398,4.6770,3.5533,100,CUDAExecutionProvider,timed
2e3850a1615f1146eb28fc4849aec8ee,8398474,2.3381,566784,2.6266,2.3242,4.2892,2.8830,100,CUDAExecutionProvider,timed
2e4bceda92325ada53fd79c859247925,712074,0.7481,0,1.1184,1.0219,2.0199,1.3102,100,CUDAExecutionProvider,timed
2e7117d2db43f73aa5f0c11b31d551ca,7871626,1.8326,0,2.6002,2.3584,4.2970,2.8535,100,CUDAExecutionProvider,timed
2ea7c78ede3d80e4b444cefca490d9d3,2903390,1.1442,0,3.4629,2.8422,5.1712,3.6984,100,CUDAExecutionProvider,timed
2ebda12d9d5ec14d5f1aaca1f53ef203,5631114,1.2021,0,1.8447,1.6793,3.0199,2.0345,100,CUDAExecutionProvider,timed
2ee627980d8e573758a45c6b555c2853,1464385,0.9503,0,2.7592,2.2250,4.4514,2.9913,100,CUDAExecutionProvider,timed
2f04860e35acafe5d543b959bebdf83a,12274570,10.7853,4487905,2.0543,1.9306,3.5670,2.2668,100,CUDAExecutionProvider,timed
2f0e3ffd9e4576589b4a0a21bf2bf01d,2974090,0.8655,0,1.0268,0.9331,1.7933,1.1425,100,CUDAExecutionProvider,timed
2f15ccd4bd9b45cb3ad9ecee049305d4,7871626,1.8199,23040,2.4906,2.2100,4.1221,2.7723,100,CUDAExecutionProvider,timed
2f416b94decca6f4924fa1c57ac92695,1238922,0.7499,0,1.4948,1.2819,2.8413,1.7526,100,CUDAExecutionProvider,timed
2f46c9d2f1cff176f34a2295c49822bc,3039882,0.7736,0,1.1975,1.1067,2.8458,1.4171,100,CUDAExecutionProvider,timed
30076d2dd87fd2d84f81d0e03f377c05,5983370,1.3504,0,2.1333,1.9313,3.8152,2.4321,100,CUDAExecutionProvider,timed
313736e5b054727569cd58208e87ba83,2908985,1.1424,0,3.2200,2.7764,5.1004,3.5109,100,CUDAExecutionProvider,timed
316e8d8502dc03f3796a24a53138df45,8135050,1.9337,166400,2.6700,2.4218,4.6124,3.0200,100,CUDAExecutionProvider,timed
316eef4bcc20e9a3f7ca6f32b4600e58,6246794,1.6323,0,3.0695,2.3483,4.7808,3.2914,100,CUDAExecutionProvider,timed
3188d3640055b5804e05ae706718379f,4006282,1.2223,0,2.1650,1.9279,3.8397,2.4260,100,CUDAExecutionProvider,timed
31d1039b23e8e5454fcc96406b9c94e5,1151626,0.6765,0,1.2272,1.0822,2.3401,1.4093,100,CUDAExecutionProvider,timed
31ea6f9a914eea7927d80d4574acdf7a,3517519,1.2859,0,3.3211,2.9331,5.3937,3.6444,100,CUDAExecutionProvider,timed
32195ce3cf7d3a6fbae3ad82cffb5bc3,1860143,1.0235,0,2.9899,2.5867,5.0866,3.3033,100,CUDAExecutionProvider,timed
3283061ebb976602b31602ffe86eef8b,11231626,8.3970,3428843,1.6602,1.5536,2.7156,1.7927,100,CUDAExecutionProvider,timed
32901a6e3614f2ee9c380c73c1866fef,22454154,33.6660,14680064,3.1561,2.9400,4.6289,3.3889,100,CUDAExecutionProvider,timed
32b26a4044bf082b0ad80f5dad618d76,11231626,8.3214,3428843,1.7337,1.5933,3.0684,1.8958,100,CUDAExecutionProvider,timed
32c96c20bcb45d11e569ec63a3aafb3d,5631114,1.1770,0,1.8440,1.6484,3.1950,2.0433,100,CUDAExecutionProvider,timed
32d110bdebe97a3ff14e41a19bc5c49b,14196618,15.0280,6322913,2.6120,2.4388,4.2177,2.8563,100,CUDAExecutionProvider,timed
32d94cb57e0ea110e7a28555bdcacf71,6070666,1.5193,0,2.4581,2.1774,4.4064,2.8182,100,CUDAExecutionProvider,timed
33704b07a5a9057ba5b18f1cc2709d14,2381450,1.0108,0,2.0894,1.9255,3.8049,2.3452,100,CUDAExecutionProvider,timed
33c3a6e65de0802b77577b5416b38e14,8135050,1.8410,166400,2.7254,2.3918,4.6319,2.9700,100,CUDAExecutionProvider,timed
33de711d058769a9bc82740ea963bfe7,2457078,1.1119,0,3.3100,2.7173,4.8735,3.5232,100,CUDAExecutionProvider,timed
33e306159a60bba2d574ffc5f4ed7f14,5104266,1.4761,0,1.9582,1.8055,3.4986,2.1749,100,CUDAExecutionProvider,timed
3407944b22d4b1d0cccbd8e070424ce4,3039882,0.7648,0,1.1881,1.0733,2.2876,1.3517,100,CUDAExecutionProvider,timed
348b466a1cc13ad6e0e173b8a1820952,21247370,30.7853,13306429,3.1648,2.9749,4.8124,3.3888,100,CUDAExecutionProvider,timed
355f27a4725363f68c8f1a88fc0f8baf,4798090,1.5485,0,2.5071,2.1646,4.3366,2.8443,100,CUDAExecutionProvider,timed
35a1b276de7c14a843ca0fa06cb1366b,1678474,0.9985,0,1.8336,1.6844,3.1734,2.0651,100,CUDAExecutionProvider,timed
37b9119d970b5fed20e62a2cda96a096,14032778,14.9908,6270484,2.9159,2.6542,4.5635,3.1473,100,CUDAExecutionProvider,timed
3815e523ba8e903fe12d81ee2b05a41a,3742858,1.2937,0,2.1539,1.9181,4.0585,2.4718,100,CUDAExecutionProvider,timed
3835552b2806f980e414bef37786ea06,10188682,6.1156,2380267,1.4181,1.3274,2.3573,1.5557,100,CUDAExecutionProvider,timed
38da11ee56783f9cff5ecdfa0607cbad,1591178,1.0575,0,1.6094,1.4290,2.8762,1.7888,100,CUDAExecutionProvider,timed
39c4afd24c18527c27e3bd4920c0187c,3479434,1.3146,0,2.0710,1.8204,3.8564,2.3306,100,CUDAExecutionProvider,timed
3a16795828f528947e1a784bab36b74c,3566730,1.0005,0,1.7819,1.6013,3.2804,2.0529,100,CUDAExecutionProvider,timed
3a84e0ad7980f716eeacf15919b262be,4709258,1.2346,0,2.4154,2.2158,4.4182,2.7649,100,CUDAExecutionProvider,timed
3b8de24e123911da1bdbd359ebca2030,10188682,6.5695,2380267,2.1606,1.9966,3.5727,2.3996,100,CUDAExecutionProvider,timed
3bb5cbe9ee50ea47f1b9d9ef8c375db9,13153674,12.7859,5211422,2.7117,2.5155,4.4305,3.0127,100,CUDAExecutionProvider,timed
3bf3515c1fe4fc15a90822afb65853f5,5631114,1.4294,0,2.2175,2.0265,4.1147,2.4673,100,CUDAExecutionProvider,timed
3bfbab79666f791d23507ee92932400f,5807242,1.3753,0,2.0909,1.9506,3.6903,2.3648,100,CUDAExecutionProvider,timed
3c2c0a28728a8b319c56a49cc6e7be5b,2485021,1.1197,0,3.0001,2.6159,5.1098,3.3109,100,CUDAExecutionProvider,timed
3c4e6cc9b3878772e7890b13b2c3e747,2974090,1.4011,0,1.4532,1.2793,2.4007,1.6412,100,CUDAExecutionProvider,timed
3c61acace9ccb5c8d09d3993a4535e1a,12274570,10.8855,4487905,2.3384,2.1141,4.0923,2.6852,100,CUDAExecutionProvider,timed
3cbfa9553b6dc916464f5015bf8b3ca0,1577512,0.9453,0,2.8120,2.4542,4.8128,3.0566,100,CUDAExecutionProvider,timed
3d1d7f2bdc5edf724b40a350b2812bd8,3643474,1.2663,0,3.3591,2.9717,5.5353,3.6826,100,CUDAExecutionProvider,timed
3d2007d30a4f4e8292f10aef473b932c,3479434,1.3812,0,2.0541,1.8436,4.0041,2.3820,100,CUDAExecutionProvider,timed
3d56eb4a9e0b99ca34a1aa7813c36aad,10462858,6.6508,2631925,2.9877,2.7398,4.8773,3.2854,100,CUDAExecutionProvider,timed
3d5ab02fa567075caaba24957442fc46,15075722,16.7365,7151288,2.7533,2.5669,4.4859,3.0152,100,CUDAExecutionProvider,timed
3da7fc84de81ce81a990dc70de00cdad,2327334,1.3089,0,2.9449,2.5429,5.0180,3.2578,100,CUDAExecutionProvider,timed
3db7e20184e417b4eb1718c5846356a6,1151626,0.6694,0,1.2062,1.1228,2.1291,1.3535,100,CUDAExecutionProvider,timed
3dfde7715e83171f316625f00772ea23,539419,0.8324,0,2.3926,2.1711,4.3255,2.6699,100,CUDAExecutionProvider,timed
3e6c1688fb2a00a3dc08d0ac7a6dc961,13153674,12.9732,5379194,2.6627,2.4742,4.2621,2.9339,100,CUDAExecutionProvider,timed
3e8667d46a04ea4dc10417bab3bf1a7a,3819435,1.3386,0,3.6086,3.1498,5.5526,3.9312,100,CUDAExecutionProvider,timed
3eb1860d00ce75987821bd9488f62779,3812076,1.3293,0,3.6309,3.1874,5.8378,4.0018,100,CUDAExecutionProvider,timed
3ef49efe0e4a2a933c3ea7e495840b20,1415050,0.8950,0,1.6392,1.4933,3.1402,1.8906,100,CUDAExecutionProvider,timed
3efc34735e14b14fe5d6fb52c9578b76,3303306,1.1503,0,1.9019,1.7207,3.4223,2.1219,100,CUDAExecutionProvider,timed
3f12fe5fc66531a4617e1286321e2da8,3742858,1.2263,0,2.1048,1.8858,3.7292,2.3478,100,CUDAExecutionProvider,timed
3f8f4dab056c62a53293c2db104f73e8,1830436,1.1994,0,2.8930,2.4031,5.0157,3.1560,100,CUDAExecutionProvider,timed
3fe26428539ebec46fefa9988bc37a1e,13153674,12.4614,5200936,2.2644,2.0738,3.7783,2.5168,100,CUDAExecutionProvider,timed
3fed381ef6b74478bf55bbd53294ff73,22454154,33.7164,14648606,3.4939,3.2333,4.9679,3.7179,100,CUDAExecutionProvider,timed
40c30309ae39ffbe1f8abf6756e287f7,1458454,0.9899,0,2.5937,2.2688,4.5467,2.9259,100,CUDAExecutionProvider,timed
41175f66e2794653da6a4d874950ac0d,6510218,1.6589,0,2.4627,2.2210,4.1315,2.6956,100,CUDAExecutionProvider,timed
41d209a4137cdf29810fb5394ee2a325,4621962,1.4204,0,2.3982,2.0941,4.0435,2.6901,100,CUDAExecutionProvider,timed
422c2aa08f255776b5b5c9bcc1ac0670,10188682,6.5130,2380267,1.9841,1.8360,3.3169,2.1557,100,CUDAExecutionProvider,timed
4245cf188529ab9dfb9f6ed42cf166fd,13317514,12.9151,5368709,2.4222,2.2509,3.9144,2.6449,100,CUDAExecutionProvider,timed
4331dcea84aac5eee8903a76697406c3,3853194,1.1357,0,1.3751,1.2283,2.9001,1.5715,100,CUDAExecutionProvider,timed
434730abe97b96cec671a5ca2f9be8d7,3820440,1.5869,0,3.4779,3.0081,5.5246,3.8390,100,CUDAExecutionProvider,timed
43fc3bf243c6371bfcc4e94173803ba0,712074,0.6519,0,1.0122,0.8981,1.9057,1.1622,100,CUDAExecutionProvider,timed
440eb0e6a2a15d43b7de88aa18e60432,2788239,1.1775,0,3.0793,2.6871,4.9225,3.3743,100,CUDAExecutionProvider,timed
44bad87ab79a3a52454df027b78239d6,13317514,13.1133,5431623,2.5441,2.4099,4.0703,2.7866,100,CUDAExecutionProvider,timed
44c687c7c21a75a7cfa0bceebafe1853,1870367,0.9430,0,2.7664,2.3360,4.6858,3.0476,100,CUDAExecutionProvider,timed
451cb41d3d50e2e07e18f4ff81009276,4358538,1.4915,0,2.2671,2.0705,4.1212,2.5804,100,CUDAExecutionProvider,timed
4531192adce55781b30058b1472f145c,6246794,1.5992,0,2.3189,2.0818,3.8064,2.5593,100,CUDAExecutionProvider,timed
4539a8d847669b9fe87e6dfea93fd83c,5894538,1.3338,0,2.1278,1.9512,3.9279,2.4243,100,CUDAExecutionProvider,timed
470e00408601e3cc9760a6f80b47fbfa,2503003,1.1042,0,2.8408,2.5808,4.6251,3.1533,100,CUDAExecutionProvider,timed
471546730eff6ba24d163061e4029d13,3853194,0.9853,0,1.2837,1.1029,2.4962,1.4772,100,CUDAExecutionProvider,timed
4715b7a3caf0b875712a6881af9cbc44,3776038,1.4579,0,3.5181,3.0522,5.4149,3.8517,100,CUDAExecutionProvider,timed
47bb419c2869c624c3d65fd16d87e5be,1931146,0.8576,0,0.9658,0.8318,1.9550,1.1197,100,CUDAExecutionProvider,timed
47be656fde01f5f12561adb8ffed2abf,3039882,1.2891,0,1.8240,1.6227,3.6373,2.0927,100,CUDAExecutionProvider,timed
47fb5adadfc9f8a75e3de789f7591943,3853194,0.9755,0,1.2590,1.1140,2.1976,1.4311,100,CUDAExecutionProvider,timed
485943408e2aa972c421eee9a185d7fa,2974090,0.8574,0,1.0447,0.9462,1.9839,1.2215,100,CUDAExecutionProvider,timed
488f9cf59231ef9cfe99a8a167ebab52,32469898,56.1062,24725422,4.6459,4.2411,6.7966,4.9402,100,CUDAExecutionProvider,timed
48dd2a7fd5946b035b67d230341f3116,2974090,1.6433,0,1.5927,1.4468,2.8140,1.7950,100,CUDAExecutionProvider,timed
48e107ec5174c8c8d943f9e2f43164b1,11067786,8.4231,3271557,2.3799,2.2043,4.1387,2.5873,100,CUDAExecutionProvider,timed
48ee5a1f9886effef4616eb2e3e573cd,38090122,68.5651,30272389,4.4750,4.2284,6.3353,4.7559,100,CUDAExecutionProvider,timed
499a1e154e7a374f942c6b492a5e57ea,3830154,1.1308,0,2.0250,1.8830,3.7759,2.3104,100,CUDAExecutionProvider,timed
49a9d8dfd3aec23d3272a62ec606532b,12110730,10.5745,4278190,2.2373,2.0734,3.6714,2.4218,100,CUDAExecutionProvider,timed
49c8ac2ed4a5e22d332c0e01bc348826,2490952,1.1174,0,3.1125,2.6756,5.0982,3.3669,100,CUDAExecutionProvider,timed
49e68103df3021497b81b9a09cdba13e,7125898,1.7826,0,2.8419,2.4926,4.3006,3.0655,100,CUDAExecutionProvider,timed
4ab922c1cec7a01d4d87a674e10c731c,8574602,2.6281,660992,2.9274,2.6008,4.9970,3.2096,100,CUDAExecutionProvider,timed
4b2cfa4209f065e2da6757ce46c0b8e5,3566730,1.0062,0,1.7371,1.5783,3.1746,1.9741,100,CUDAExecutionProvider,timed
4b7e61372913b6f62f3d30bf58b730b2,540196,0.7858,0,2.3574,2.0910,4.0312,2.5879,100,CUDAExecutionProvider,timed
4bdd9640c37f761d912bd5275b0f71df,3742858,1.2894,0,2.0978,1.9092,3.7309,2.4201,100,CUDAExecutionProvider,timed
4c2e6efcd3e63a170f3e3f358d9fea84,9014154,3.3768,1059061,2.8511,2.6453,4.6966,3.1616,100,CUDAExecutionProvider,timed
4c5eaba938e815cbd108047cd8607dea,4006282,1.2067,0,2.1158,1.9163,3.9141,2.4118,100,CUDAExecutionProvider,timed
4c96c71603c5fff4da5c01a29484d3be,3566730,1.0594,0,1.8283,1.6004,3.1111,2.0387,100,CUDAExecutionProvider,timed
4cff275248015389b0a83c646c4599cf,3039882,1.1109,0,1.6217,1.4175,2.8997,1.8593,100,CUDAExecutionProvider,timed
4d123b5ce85ac27b72d93983dacbbfd7,3742858,1.2436,0,2.1161,1.9148,3.8714,2.4021,100,CUDAExecutionProvider,timed
4d31877fefc56fa91d38adfb5bd451ae,4885386,1.3140,0,2.2873,2.0623,4.0162,2.5691,100,CUDAExecutionProvider,timed
4dcf4a63d8bae4c0f299cad53b7129a1,1873308,0.7750,0,2.4065,2.1296,4.4757,2.7039,100,CUDAExecutionProvider,timed
4df77cc17c3da268de7f2566927bcf22,22617994,33.9517,14816378,3.1745,2.9680,5.0030,3.3999,100,CUDAExecutionProvider,timed
4e1268021f7b3b4b8c5d2a78d7fd158a,1767306,1.8381,0,1.7499,1.5733,2.8800,1.9349,100,CUDAExecutionProvider,timed
4e67963454ee05f080ee6e8d44c018df,3479434,0.9915,0,1.7194,1.5478,2.8629,1.8832,100,CUDAExecutionProvider,timed
4e6cf515798f35616a83b2c39d10d251,20532106,29.1517,12582912,2.9613,2.7725,4.4937,3.2199,100,CUDAExecutionProvider,timed
4e9072c02fe6511295d0dbe82c74e989,1750146,0.7964,0,2.2508,2.0083,4.1387,2.5161,100,CUDAExecutionProvider,timed
4eb779285481e2feb4ab6f42f3d72f66,1989425,1.0148,0,3.1259,2.5979,5.2095,3.4050,100,CUDAExecutionProvider,timed
4f7d4443b757430e60f9292b63df6e5d,4445834,1.3630,0,2.2754,1.9421,3.5960,2.4424,100,CUDAExecutionProvider,timed
4f95133d98f72f4dc5e6e2b7b702df89,29668746,49.8688,21852323,3.5308,3.3015,5.1282,3.7612,100,CUDAExecutionProvider,timed
4f990320c51592a8f706c332104cdf90,3479434,1.2529,0,2.0175,1.7272,3.6358,2.3036,100,CUDAExecutionProvider,timed
4fc3d6e5c1f40c7a79e1a79a7b780711,23497098,35.7673,15697182,3.2609,3.0332,4.8189,3.4983,100,CUDAExecutionProvider,timed
500b6b24be5e01566f7a24a1b3ddbf99,5631114,1.3917,0,2.0853,1.9001,3.5382,2.3203,100,CUDAExecutionProvider,timed
5013d4898aaba30673c3858589091b4f,946570,0.7294,0,1.7035,1.4299,3.3232,1.8797,100,CUDAExecutionProvider,timed
505d88dc866b52e996d5300ed816617a,10188682,6.2354,2222981,2.0887,1.8757,3.5772,2.2941,100,CUDAExecutionProvider,timed
507470799f20b52f2c7a78723798b295,1742135,1.0454,0,2.7576,2.3975,5.0411,3.0990,100,CUDAExecutionProvider,timed
50828655ed13926493ba6a7b7f2b881b,2997130,1.2013,0,2.3135,2.0758,4.1214,2.6779,100,CUDAExecutionProvider,timed
50b4318c3a5eb399616907d00178e258,4006282,1.1125,0,2.0393,1.8573,3.7957,2.3148,100,CUDAExecutionProvider,timed
50f547237914d4118edd8914803ddbdc,6686346,1.7818,0,2.5877,2.3101,4.5170,2.9462,100,CUDAExecutionProvider,timed
511350affb749c780443198c522714ce,2782644,1.0731,0,2.9477,2.6361,4.9332,3.2968,100,CUDAExecutionProvider,timed
512cd9a356825574885d92ab58846b0a,3479434,1.3037,0,2.0445,1.8720,3.7050,2.3577,100,CUDAExecutionProvider,timed
51832d14df0d1d5b0ef56dceeb63cae5,22454154,33.5442,14522777,3.4667,3.2656,5.2143,3.7335,100,CUDAExecutionProvider,timed
51b5087165761c8bfe1dabd2d96c8e99,5894538,1.3812,0,2.3821,2.0754,4.0355,2.6399,100,CUDAExecutionProvider,timed
51b99f4f4cc6fcf0efc37add54f2f0e8,10638986,6.9669,2810183,2.9112,2.5780,4.7462,3.2231,100,CUDAExecutionProvider,timed
51ce526bef6a9a315c57ba584090b5d5,12110730,10.5785,4330618,2.3207,2.1454,3.9036,2.5564,100,CUDAExecutionProvider,timed
5298f5d306fd2e28bdf51009b4366933,5104266,1.1586,0,1.7853,1.4488,3.0267,2.0461,100,CUDAExecutionProvider,timed
529d37700ebe8ec1fc1bf204acaf424f,19489162,26.7589,11534336,2.4591,2.3149,3.5114,2.6769,100,CUDAExecutionProvider,timed
534f2002efc14247307c7dcc2ca55b32,5367690,1.3834,0,2.0053,1.8223,3.8085,2.2697,100,CUDAExecutionProvider,timed
53c2caa74426879d33f892af2b4149c3,30547850,51.5125,22607298,4.2538,3.8830,5.9321,4.5415,100,CUDAExecutionProvider,timed
53cee42601ad14d661bb6878031d6acb,888202,0.5445,0,0.6018,0.5291,0.9235,0.6591,100,CUDAExecutionProvider,timed
53f7747ecbe727ed4076735b503cb096,1753661,1.0326,0,2.8738,2.3325,4.9545,3.1759,100,CUDAExecutionProvider,timed
541fbc2bb9feabe7a972db79effde24c,38090122,68.7221,30314332,4.2478,4.0308,5.6587,4.4675,100,CUDAExecutionProvider,timed
5498ba534c256c9d086596e2b51cf170,3216010,0.9713,0,1.5026,1.3894,2.6556,1.6732,100,CUDAExecutionProvider,timed
54a607b5218c9982eb559f253f6978fb,20532106,29.4096,12708741,2.6858,2.5267,4.2394,2.9332,100,CUDAExecutionProvider,timed
54cbad9f4badfda552f47b5c8aad5137,3479434,1.1923,0,1.9172,1.7189,3.3585,2.1929,100,CUDAExecutionProvider,timed
5560a0022cd242a55df856129ca05f31,6686346,1.7209,0,2.6501,2.3799,4.4219,2.9756,100,CUDAExecutionProvider,timed
5571641268b26e2ff4f407605937d677,28789642,48.0414,21002977,3.6260,3.4335,5.2581,3.9266,100,CUDAExecutionProvider,timed
559021065a4066ca9f7a7137f3aa017d,10199434,6.2658,2359296,2.9562,2.6642,5.0220,3.3321,100,CUDAExecutionProvider,timed
56843fa944df2c025589ae799312fe60,3303306,1.2148,0,1.8831,1.7217,3.5264,2.1886,100,CUDAExecutionProvider,timed
568446f229ee474d96cb431de0fe1095,6070666,1.3440,0,2.1936,1.9603,3.8944,2.4924,100,CUDAExecutionProvider,timed
56b35f46f583628838463ac1439bcd7e,6070666,1.3940,0,2.3046,2.0855,4.2098,2.6012,100,CUDAExecutionProvider,timed
56d2a3860a876620dc350349b3bc369a,2898236,1.1598,0,3.3356,2.8477,5.4475,3.6757,100,CUDAExecutionProvider,timed
57468b7c4dd6508014213945941ccac7,2893944,1.1533,0,3.3441,2.8365,5.2847,3.6397,100,CUDAExecutionProvider,timed
57c7dedb40b94aab13305268fd0327d7,3918986,1.3443,0,2.1715,2.0174,3.8863,2.4873,100,CUDAExecutionProvider,timed
58c8f040b84f617501dea6f4ab582479,5939082,1.6584,0,2.0834,1.8877,3.7148,2.3252,100,CUDAExecutionProvider,timed
59c079a6b83ce37e682105a135eca195,13153674,12.5344,5200936,2.4360,2.1549,3.8175,2.7080,100,CUDAExecutionProvider,timed
59d9ed3046cd87a504fcb05d916f6af8,31754634,54.2984,23959961,4.1513,3.8479,5.8446,4.4627,100,CUDAExecutionProvider,timed
5c5e966af0655bb6e4798ffebaa6e9d3,7697290,1.9958,0,2.5323,2.2539,4.3656,2.8113,100,CUDAExecutionProvider,timed
5c634822c6a87824df00040e36f54d1e,5631114,1.3861,0,2.1110,1.9447,3.6883,2.3411,100,CUDAExecutionProvider,timed
5d4190fd89bb23037c68bfde193c77bf,9014154,3.2757,1059061,2.8914,2.5453,4.7674,3.2222,100,CUDAExecutionProvider,timed
5d7ea49c05cb125979613e066e3dbe9c,3216010,1.2920,0,1.8247,1.6975,3.5523,2.1090,100,CUDAExecutionProvider,timed
5dca441cabeb96bd96af5c8dc540e3b1,2780880,1.1760,0,3.2222,2.7830,5.1012,3.5069,100,CUDAExecutionProvider,timed
5df59f7f6a28ec02e4cd0bb73cc5729c,3035601,1.1591,0,3.2393,2.8424,5.4504,3.5807,100,CUDAExecutionProvider,timed
5e11a5dd66f2fe5785675625e3df818a,3410512,1.3142,0,3.3074,2.8903,5.4862,3.5561,100,CUDAExecutionProvider,timed
5e464b4fec4ea5de037a5430b21532dd,19489162,27.1492,11765022,2.4150,2.2974,3.7825,2.6213,100,CUDAExecutionProvider,timed
5e95e5c6fd2546091f15faf89354d6c4,3742858,1.1917,0,2.0368,1.7815,3.5129,2.2612,100,CUDAExecutionProvider,timed
5ecdf1aa778267ee20e1467d932faa71,3655562,1.3798,0,2.2065,1.9767,3.6804,2.4264,100,CUDAExecutionProvider,timed
5f14db94a47a90dd37d9f6793bdf2dc3,38969226,70.6556,31163678,4.6422,4.3603,6.4242,4.9367,100,CUDAExecutionProvider,timed
5f628d0626df3c905f6aa68ee314c98a,22454154,33.3412,14575206,3.1692,2.9703,5.1731,3.4130,100,CUDAExecutionProvider,timed
5f6cf7842957b50ed1ec456ec450592a,13153674,12.6154,5211422,2.7217,2.5459,4.4410,3.0116,100,CUDAExecutionProvider,timed
5f947e32909f65677cfeed1e5b4c861e,2780228,1.1299,0,3.2454,2.8133,5.4005,3.5257,100,CUDAExecutionProvider,timed
6047adcded92b5d8126a9cc34054624b,20532106,29.2132,12698255,2.3964,2.2614,3.6454,2.6163,100,CUDAExecutionProvider,timed
6064491c87b641562dd0291d38f6f1b3,2621011,1.0457,0,2.9070,2.4606,4.7543,3.1550,100,CUDAExecutionProvider,timed
606f15037b5bd4d79ace4200792b95cf,6070666,1.5049,0,2.4588,2.2052,4.2348,2.7730,100,CUDAExecutionProvider,timed
6121a9c53be4670899be1b8e2d6917f3,10188682,6.3442,2453667,1.6023,1.4989,2.8870,1.8058,100,CUDAExecutionProvider,timed
612d407648614f6d21d541c24f856df6,6949770,1.6904,0,2.8178,2.4137,4.5700,3.1551,100,CUDAExecutionProvider,timed
61ef98af9a58bd3bda7abab8e83cb7be,8135050,1.8726,166400,2.6614,2.4274,4.4773,2.9506,100,CUDAExecutionProvider,timed
6236f0cf8574d9b0a3866e636b9f1915,15075722,16.9601,7214202,2.8447,2.6037,4.4912,3.1163,100,CUDAExecutionProvider,timed
626d264142ff0a011c9d1a5cac11b109,2271418,1.0746,0,3.1177,2.7321,4.8778,3.3995,100,CUDAExecutionProvider,timed
628526cec91609b8097d3013ceb767c7,8135050,1.8629,166400,2.6571,2.4550,4.8054,3.0014,100,CUDAExecutionProvider,timed
6367d1292d5085b2c68ed7c27f97928a,4006282,1.2605,0,2.1402,1.9564,3.7686,2.4161,100,CUDAExecutionProvider,timed
6426e2a1f853bb8ade10ee7588a54730,3742858,1.2949,0,2.1196,1.8721,3.5167,2.3318,100,CUDAExecutionProvider,timed
6463dec236838bad09900bdd64ef2f33,9014154,3.3344,1059061,2.9079,2.6363,5.0369,3.2176,100,CUDAExecutionProvider,timed
64a3f8ba8735c09f8ed1d8767e53b281,29668746,50.1204,21967667,3.7918,3.5717,5.7328,4.1672,100,CUDAExecutionProvider,timed
64e617b3d07537e40a3af1e46f04149c,6070666,1.4493,0,2.3675,2.1060,4.3122,2.6462,100,CUDAExecutionProvider,timed
64f65883b65c291d04968606b20d998f,3940181,1.2713,0,3.5907,3.1814,5.5965,3.9018,100,CUDAExecutionProvider,timed
654692dd64411ca0a2cc2ee12897f201,1151626,0.6687,0,1.2461,1.0683,2.2657,1.4551,100,CUDAExecutionProvider,timed
65933d33a02a18bb48533c4c1046530e,7695498,1.6606,0,2.3371,2.0674,3.7542,2.6077,100,CUDAExecutionProvider,timed
662d9184fd7655dd178bf295c956ee95,20368266,29.2707,12656312,3.1725,2.9419,4.6589,3.3620,100,CUDAExecutionProvider,timed
66344e4ea26195131f153b084f6e0bf2,12274570,10.3894,4372561,1.8066,1.6760,3.1508,2.0310,100,CUDAExecutionProvider,timed
66b65750b26b4418ef9639f2b929fa0f,16118666,19.3802,8262778,3.1541,2.8464,5.0577,3.4876,100,CUDAExecutionProvider,timed
66ea4e36f994d4bf11102cbef10a3cb1,12110730,10.0596,4152360,1.9056,1.7543,3.1469,2.1264,100,CUDAExecutionProvider,timed
66f099921991da4bc33d1a84c20c7888,3742858,1.2609,0,2.1217,1.8941,3.6286,2.3604,100,CUDAExecutionProvider,timed
675777ecb1daff61b6917d833406cb82,4358538,1.0664,0,1.7766,1.6366,3.1068,2.0107,100,CUDAExecutionProvider,timed
6790a334e6b6c6547a7526fb9bfec9ec,29668746,50.1890,21967667,3.9914,3.7086,6.0664,4.2981,100,CUDAExecutionProvider,timed
682e8c26332f87690f20b44750be28eb,3039882,1.2026,0,1.7327,1.5879,2.8948,1.9070,100,CUDAExecutionProvider,timed
683d2f0f319573826904fad060a1895a,11067786,8.3144,3344957,1.8831,1.7367,2.8795,2.0420,100,CUDAExecutionProvider,timed
6850ec2ead9d6fdaa4c0776aaf42876d,4445834,1.2818,0,2.3254,2.0898,4.0838,2.6140,100,CUDAExecutionProvider,timed
68c6827857da65b3fa6ca5a0f6998255,3853194,1.7457,0,1.9001,1.7421,3.3697,2.1416,100,CUDAExecutionProvider,timed
6974deeab04fad2934c8468d2f242171,6070666,1.5239,0,2.3945,2.2071,4.0993,2.6471,100,CUDAExecutionProvider,timed
69850253bf36a638fc16c5b7da27e66a,5543818,1.4978,0,2.2080,2.0034,3.9179,2.4398,100,CUDAExecutionProvider,timed
69889310ffdbb4feaa38a8bf64d33be0,3742858,1.2175,0,2.1018,1.8968,3.6030,2.3745,100,CUDAExecutionProvider,timed
69981a1f9489145abde585d9b4e47ab0,3216010,1.1533,0,1.7895,1.5328,3.0448,2.0138,100,CUDAExecutionProvider,timed
6a7021d931aae75193905e9f45a1f825,3511588,1.2681,0,3.4298,3.0577,5.8302,3.7683,100,CUDAExecutionProvider,timed
6a8e6e97ecd1dc0934e776091c5bfae7,13868938,14.5249,6102712,3.0266,2.7942,4.7899,3.3222,100,CUDAExecutionProvider,timed
6a96c1c2c8186bff3577841108abb178,3303306,0.9298,0,1.5278,1.4089,2.7071,1.7151,100,CUDAExecutionProvider,timed
6aa74936c1b145197a2c4040b5256baf,1415050,0.9629,0,1.6404,1.5199,3.2992,1.8897,100,CUDAExecutionProvider,timed
6ac171bd805344168d374eaffcfffb06,9014154,3.4928,1059061,2.9471,2.6781,4.7258,3.1884,100,CUDAExecutionProvider,timed
6adf09ef60d9568b0c5ce41d788a41bc,1931146,0.7047,0,0.8148,0.7010,1.6119,0.9462,100,CUDAExecutionProvider,timed
6ae70ab8fa9f291a32aa94691e7489f0,5104266,1.6198,0,2.1187,1.8956,3.5451,2.3268,100,CUDAExecutionProvider,timed
6b192a4af83fb8eef7b3f3e7d576a87c,1941898,0.8667,0,1.8192,1.5767,3.9344,2.1592,100,CUDAExecutionProvider,timed
6b357aa289720ff7908c1ab48227a2a0,21411210,31.1361,13474201,3.1633,2.9626,5.1133,3.4379,100,CUDAExecutionProvider,timed
6b3807ffed5e90baa1a79b13eb580467,2505805,1.1545,0,2.8895,2.4388,4.7241,3.2078,100,CUDAExecutionProvider,timed
6b388c0562e2862c12426814f82479d3,1151626,0.9978,0,1.5491,1.3874,2.9908,1.7840,100,CUDAExecutionProvider,timed
6b3b187b26bf62d08556fc86e69ca60c,6818186,1.8315,0,2.2737,2.0415,4.2190,2.6032,100,CUDAExecutionProvider,timed
6bb3a5f158c57162b2a9671a1402725f,1931146,0.6745,0,0.8222,0.7342,1.5704,0.9450,100,CUDAExecutionProvider,timed
6bc1790ed429d54dc732031f2301632a,3001610,1.0068,0,2.5457,2.2469,4.4553,2.8462,100,CUDAExecutionProvider,timed
6c8ac33982f9b3e9bd26d7475e208bfd,12110730,10.5950,4330618,2.5919,2.4024,4.4136,2.8774,100,CUDAExecutionProvider,timed
6cc6f27008da3cd95b7e159d4e26bdb7,2903390,1.1436,0,3.1981,2.9096,5.5668,3.6409,100,CUDAExecutionProvider,timed
6d9c587c4e9c1de570921cee9285779c,5807242,1.5328,0,2.3596,2.1429,4.0478,2.6611,100,CUDAExecutionProvider,timed
6de8637c0412a2ba7c41625f911597b5,2776458,0.8095,0,1.1583,1.0277,2.0152,1.3504,100,CUDAExecutionProvider,timed
6e0dbd705172b517f094c9a75db5b7c4,5807242,1.6121,0,2.3951,2.1064,4.2766,2.7034,100,CUDAExecutionProvider,timed
6e1a50a62823c2d9ac528de427d2a6b3,2776458,1.0038,0,1.4357,1.2932,2.9688,1.6303,100,CUDAExecutionProvider,timed
6e611d0ac59be445dc8c4371a43f38d0,2895771,1.1512,0,3.1134,2.7910,5.0652,3.4263,100,CUDAExecutionProvider,timed
6e66c8882a44d6d79613c399271aaa33,8750730,2.8815,786432,2.8041,2.5487,4.7079,3.1540,100,CUDAExecutionProvider,timed
6e7a1dc16a081a750ba3e0f842e50038,24376202,37.8311,16515072,3.5488,3.3111,5.2428,3.8384,100,CUDAExecutionProvider,timed
6ed519887232b15a95c625ad0b2c1bb1,5543818,1.1945,0,1.7542,1.6168,3.1619,1.9671,100,CUDAExecutionProvider,timed
6ef23dc67b0326c9a53e757dcc44cdee,23333258,35.9555,15644753,3.7763,3.4723,5.7752,4.1093,100,CUDAExecutionProvider,timed
6f026193cdbf07ab16259b8f4426e1d6,2557578,1.1244,0,2.0265,1.8738,3.6663,2.3149,100,CUDAExecutionProvider,timed
6f156ca3180367695987bd202288e4c4,7695498,1.6395,0,2.3941,2.0918,3.9814,2.6442,100,CUDAExecutionProvider,timed
6f1db217316da634995f315a3246456c,12110730,10.5229,4320133,2.2378,2.0536,3.8472,2.4623,100,CUDAExecutionProvider,timed
6f26dc0c4fe9591225e8d3d24ed4f8a6,2776458,0.7770,0,1.1277,1.0115,2.0765,1.2851,100,CUDAExecutionProvider,timed
6f6257bc3b12d87b8736e81cd4b7ed8b,1767306,0.8131,0,0.9499,0.8590,1.8352,1.0723,100,CUDAExecutionProvider,timed
6f6f173e3c0fa9ce47f9c0ed91264a3d,12110730,10.5227,4320133,2.3590,2.1319,4.0153,2.6000,100,CUDAExecutionProvider,timed
6fd16839551ae8bde74ffe82bc1d3c0d,4182410,1.3500,0,2.4071,2.0997,4.1785,2.7154,100,CUDAExecutionProvider,timed
7008198c90ed5d4dd8adb0acbd2fd2bd,497674,0.5257,0,1.5088,1.3182,3.1479,1.7562,100,CUDAExecutionProvider,timed
702ddef6b5b7f659ef1ed38652d91115,2810250,0.9991,0,1.1425,1.0231,1.9821,1.2338,100,CUDAExecutionProvider,timed
70b10fe679ce2c532a9b061c609da8bc,3818973,1.2667,0,3.5635,3.0688,5.8079,3.9210,100,CUDAExecutionProvider,timed
70cec3d45475d0428b47a6143a0c9370,11067786,8.1869,3261071,1.8634,1.7337,3.1156,2.0744,100,CUDAExecutionProvider,timed
71269c92a7f4e2672144d06e336513e7,3742858,1.2371,0,2.1059,1.8828,3.9182,2.3642,100,CUDAExecutionProvider,timed
71485c6997c3c684e23aae3ab1bb18a2,7125898,1.7910,0,2.7837,2.5313,4.5803,3.0755,100,CUDAExecutionProvider,timed
71a8e99338968a1b97aff372cff0f436,30711690,52.3298,22900899,4.0601,3.7724,5.6228,4.3530,100,CUDAExecutionProvider,timed
71d941de64dc3f9945d01633fff34988,5367690,1.4856,0,2.1801,1.9972,3.8051,2.4397,100,CUDAExecutionProvider,timed
71e04cbfe3702dc1ed4f20821e4af3c2,6070666,1.5231,0,2.4161,2.1854,4.0990,2.6813,100,CUDAExecutionProvider,timed
71e29ecde1db1f6344801d69c75ed954,888202,0.8532,0,0.8793,0.7816,1.8040,1.0441,100,CUDAExecutionProvider,timed
7249d1870bf53ad0b4e2fb501d6f3896,7695498,1.7585,0,2.5522,2.2376,4.3375,2.8829,100,CUDAExecutionProvider,timed
724ceb3878ccde3f535dd4ab2555c917,4358538,1.4779,0,2.2491,1.9990,3.9177,2.4779,100,CUDAExecutionProvider,timed
72ca27bfb1b218686ba027508d5fee83,21575050,31.7970,13757317,3.1918,2.9763,4.6925,3.4278,100,CUDAExecutionProvider,timed
72cdfc295aa3c7e452a9480c570e4d5d,2738242,1.0650,0,3.0461,2.6173,5.2177,3.4196,100,CUDAExecutionProvider,timed
72e05c25b5a8771bf76e9125182dd07e,583050,0.6645,0,1.5551,1.3705,3.0777,1.7881,100,CUDAExecutionProvider,timed
731e2263c5d50c0a09dc9594f0c8a165,3216010,0.9943,0,1.5497,1.3690,2.8267,1.7597,100,CUDAExecutionProvider,timed
7400bf856a8e6d142ff2a3b0fc2cd82e,20532106,29.3739,12708741,2.9647,2.7952,4.7414,3.2251,100,CUDAExecutionProvider,timed
741fdfc112c0a7235400077190707940,5543818,1.3188,0,1.9131,1.7243,3.3918,2.1133,100,CUDAExecutionProvider,timed
74430d913c2550db7eded985b42dbfc3,4095114,1.4676,0,2.3598,2.1458,4.0116,2.6444,100,CUDAExecutionProvider,timed
74b4f4593d17d0a2951634df306a4958,38969226,70.3892,31027363,4.6608,4.3756,6.6648,4.9385,100,CUDAExecutionProvider,timed
74c556c77a4f772445c11f8ee8496d80,13317514,13.0128,5431623,2.4559,2.2261,3.9250,2.6939,100,CUDAExecutionProvider,timed
7563f814ac8c0426ce9fc95ad52b968d,5807242,1.4660,0,2.2376,2.0713,3.8253,2.5065,100,CUDAExecutionProvider,timed
756df5b9051397eadeaa19cae9c89652,3479434,1.2893,0,2.0302,1.8348,3.7945,2.2651,100,CUDAExecutionProvider,timed
758626711dd560be553c20e73ba23f30,22454154,33.3072,14512291,3.5153,3.2209,5.1647,3.7847,100,CUDAExecutionProvider,timed
759c3b0c43f3cabeb0a12dc34031982f,3479434,1.1285,0,1.8225,1.6115,3.1383,2.0140,100,CUDAExecutionProvider,timed
75d640430a93c0904cfcd3d62d2df91e,22290314,33.5872,14533263,3.6414,3.2949,5.6436,3.9693,100,CUDAExecutionProvider,timed
7611f5af6fe0e785fc8dddff5c56a6fe,3742858,1.3209,0,2.5211,1.8883,4.0854,2.6982,100,CUDAExecutionProvider,timed
7638de125a87ebdd2cc2b515b4d41fc9,1756463,1.0220,0,2.8503,2.4536,4.3868,3.0695,100,CUDAExecutionProvider,timed
76828e7591f15af176ca9f052c332497,20368266,29.1485,12572426,2.8554,2.6576,4.5293,3.0799,100,CUDAExecutionProvider,timed
76e95ff773019375ce55737d623dea78,2810250,0.9674,0,1.1530,1.0220,2.1981,1.2990,100,CUDAExecutionProvider,timed
771a888531d1c59b6c81308ef2a8dad7,11231626,8.5459,3502243,1.6869,1.5782,2.7859,1.8630,100,CUDAExecutionProvider,timed
77360751867dd763715d7c921183d33b,5807242,1.5635,0,2.3502,2.1759,4.1654,2.6470,100,CUDAExecutionProvider,timed
77511ebad54fd5cd1ecf8dc29db36772,21575050,31.4675,13631488,3.1081,2.9126,4.8193,3.4010,100,CUDAExecutionProvider,timed
779940613eb81c2bfd643b029f8018b8,14196618,15.3130,6396313,2.6298,2.4417,4.3214,2.9142,100,CUDAExecutionProvider,timed
78025c0e31473a8b3b25aae04c3d43b0,4896138,1.4174,0,1.7853,1.5663,3.1734,2.0205,100,CUDAExecutionProvider,timed
784c6b907ef3777f5773e13da3f13f2a,5894538,1.4168,0,2.2824,2.0302,4.2268,2.6041,100,CUDAExecutionProvider,timed
79845d7681f9e38d5afc6eb15c01b69e,5631114,1.4531,0,2.3661,2.0511,4.0262,2.6700,100,CUDAExecutionProvider,timed
7984708a06fc3e37d577f96c99c1914c,1700674,0.9311,0,2.8592,2.4020,4.8745,3.0693,100,CUDAExecutionProvider,timed
79ac0ca945869f05b1fc34f4110f67d3,975498,0.4762,0,0.9360,0.8598,1.9161,1.0823,100,CUDAExecutionProvider,timed
79e5e51f9c2ba884e37a1419b50108f4,1238922,0.9439,0,1.6605,1.4730,3.1441,1.9985,100,CUDAExecutionProvider,timed
7a531e6f76569528f9feea0a2ced6f36,7125898,1.8013,0,2.7399,2.4479,4.5902,3.0284,100,CUDAExecutionProvider,timed
7a619819a92582cb90e72bcfcf59bf05,2632765,1.3566,0,3.0605,2.6351,5.0641,3.3443,100,CUDAExecutionProvider,timed
7a72c7556c98f2eb3bef29ddc9195761,3039882,1.3226,0,1.8243,1.6485,2.8078,1.9804,100,CUDAExecutionProvider,timed
7a7df354c9ed7699de9797a3c8de2391,13153674,12.9556,5379194,2.7001,2.4671,4.2893,2.9340,100,CUDAExecutionProvider,timed
7ad086bdc3ebfa56a8ef5f6f0214df83,6246794,1.6252,0,2.6196,2.3304,4.5224,2.9119,100,CUDAExecutionProvider,timed
7b00ba173f37fd11c3b879716dad1bd4,4358538,1.4264,0,2.4134,2.1923,4.1104,2.7328,100,CUDAExecutionProvider,timed
7b2fd70156186ce9dd422edaae54ada1,1678474,1.0001,0,1.8375,1.6869,3.3854,2.0641,100,CUDAExecutionProvider,timed
7bbec64332bf58b6c1681300e18f6fb3,4006282,1.2168,0,2.2163,1.9355,3.7591,2.4917,100,CUDAExecutionProvider,timed
7c65f6bd01b87407734781b6038050bc,3216010,0.8660,0,1.3610,1.2310,2.5692,1.5535,100,CUDAExecutionProvider,timed
7cb9fc92003fb6d5663423001409b318,12274570,10.4062,4372561,1.8041,1.6850,2.8160,1.9672,100,CUDAExecutionProvider,timed
7cfd725f077a0c642c7ba8c3cb19a627,6246794,1.5486,0,2.5953,2.2833,4.6937,2.9508,100,CUDAExecutionProvider,timed
7d0ffe256707d06c1d36df577af56c01,3827706,1.3091,0,3.5443,3.0118,5.5689,3.8100,100,CUDAExecutionProvider,timed
7d26c1014380504f8717b33ebc4b0191,2810250,1.2651,0,1.4367,1.2948,2.7131,1.6314,100,CUDAExecutionProvider,timed
7d4b7fc1b99bcb64747f0c5b3b0046f6,22290314,33.0411,14365491,3.6110,3.3317,5.1930,3.8348,100,CUDAExecutionProvider,timed
7d968619cd79b2da79057a364affc9d0,4269706,1.1910,0,2.2662,2.0100,4.2805,2.7179,100,CUDAExecutionProvider,timed
7d9741575b0be783a7e67bf2185d60c9,12274570,10.9911,4487905,2.3944,2.1537,3.8483,2.5920,100,CUDAExecutionProvider,timed
7dac2cae5fa78726418f85166c822c17,12110730,10.7521,4330618,2.5543,2.3921,4.2964,2.8067,100,CUDAExecutionProvider,timed
7e1457ddf24845418005c21c07757841,8135050,1.7960,297472,2.5891,2.3848,4.1825,2.8761,100,CUDAExecutionProvider,timed
7e6f9d42149ac45cfff02a478c7ae86f,23333258,35.2978,15403581,3.6517,3.3900,5.5510,3.9509,100,CUDAExecutionProvider,timed
7e804ee3e327a1d3ab3e34a8ccd3ce7d,3742858,1.2230,0,2.1164,1.8937,3.9866,2.4334,100,CUDAExecutionProvider,timed
7eae29ce7b118b8684f79d1b18f5ab25,3742858,1.2270,0,2.0514,1.8921,3.5541,2.2687,100,CUDAExecutionProvider,timed
7eb7a23216c8dd5912830a479a709019,975498,0.6383,0,1.2003,1.0663,2.1471,1.3576,100,CUDAExecutionProvider,timed
7fee9a1c1f5b70593e05d7cd21e47a89,4104279,1.3866,0,4.0948,3.1366,6.1697,4.3511,100,CUDAExecutionProvider,timed
80085ddd7dff0364c3e10ac6a704758f,975498,0.5759,0,1.0769,0.9841,2.3126,1.2705,100,CUDAExecutionProvider,timed
8052f7a6ed5070e58dc4afc69b0ee1b0,22454154,33.4145,14575206,3.2927,3.0550,5.1969,3.5842,100,CUDAExecutionProvider,timed
80ad935d4722a32b3fe83d7d1e790ede,5061514,1.5161,0,2.5409,2.3083,4.3925,2.8614,100,CUDAExecutionProvider,timed
80fb4464d0ab82d5f124d228ffd9507c,6246794,1.6565,0,2.5666,2.3636,4.8046,2.9279,100,CUDAExecutionProvider,timed
8102312b0011e58ab79d3bc6b74b6c05,4896138,1.5678,0,1.9332,1.6999,3.8115,2.1931,100,CUDAExecutionProvider,timed
812c06587548f3ae3f60452b70805bd5,11946890,10.2834,3995074,2.7417,2.5757,4.4660,3.0092,100,CUDAExecutionProvider,timed
815c0e815b8110ef48534a89faf25ac2,8135050,1.7401,166400,2.5578,2.3034,4.1473,2.8178,100,CUDAExecutionProvider,timed
81653de2d99676fa3d377640124a73ab,1591178,0.7971,0,1.3684,1.0952,2.5626,1.6311,100,CUDAExecutionProvider,timed
816717ac4d61dd62ada09740b4fa6470,3039882,1.2466,0,2.3541,1.6803,3.7107,2.4905,100,CUDAExecutionProvider,timed
816a12cbf5056eebe04e7a39cdf21d0b,5367690,1.5150,0,2.2352,1.9495,4.0783,2.5433,100,CUDAExecutionProvider,timed
818335e2311b94ab15cbd7c90cae21e7,1415050,1.0719,0,1.7975,1.6268,3.7149,2.1069,100,CUDAExecutionProvider,timed
81f5a40841c2dfc0dcad2cf76c88e80e,712074,0.5551,0,1.0081,0.8078,1.8138,1.1507,100,CUDAExecutionProvider,timed
821d70ecc12e96b4d0f6513327f9d454,38969226,70.3936,31205621,4.6215,4.3068,6.0826,4.8858,100,CUDAExecutionProvider,timed
8259fa5ddab153bcf0717e56a5ed303c,3655817,1.5159,0,3.4574,3.0356,5.6073,3.8111,100,CUDAExecutionProvider,timed
825e80c1557fab300e9775840161bf8e,6070666,1.5770,0,2.4286,2.2352,4.4264,2.7400,100,CUDAExecutionProvider,timed
82689451fc85eacd865316b68270b01c,4709258,1.1530,0,2.3336,2.0648,4.1705,2.6166,100,CUDAExecutionProvider,timed
829770556ba3fbf0e154772f5f037d34,6949770,1.6923,0,2.7575,2.3735,4.6564,3.0270,100,CUDAExecutionProvider,timed
82c1c57c423890164d4a46e272f298ab,1873833,0.9521,0,2.8373,2.4133,4.8197,3.1557,100,CUDAExecutionProvider,timed
82e63bfa68c8214e5945c9cff5e37a17,3853194,1.1402,0,1.4257,1.2617,2.5011,1.6061,100,CUDAExecutionProvider,timed
837f1f77737c7f262afd9d7271a99b85,13317514,12.8666,5431623,2.2981,2.1146,4.0016,2.5546,100,CUDAExecutionProvider,timed
83de10cc3c3e7abc753efefa5b2f3475,13153674,12.9685,5368709,2.3994,2.2408,4.0044,2.6334,100,CUDAExecutionProvider,timed
8413eea4b2037cf27f6a9755759bac6a,2160896,1.0324,0,2.9651,2.5153,5.0132,3.2648,100,CUDAExecutionProvider,timed
842c29188050053fcea49339bb043deb,40891274,74.6804,32988200,5.0215,4.7657,6.9332,5.3909,100,CUDAExecutionProvider,timed
842cd6998525233fe308e28fb49186e6,5631114,1.3090,0,1.9868,1.7900,3.5110,2.1931,100,CUDAExecutionProvider,timed
845a4b654acb7d14b25138c4d792eb74,12989834,12.5777,5221908,2.8733,2.6329,4.5547,3.1101,100,CUDAExecutionProvider,timed
84a55e4cde35e728f9f0d1f1e83badc0,7871626,1.8727,23040,2.6685,2.3613,4.3161,2.9716,100,CUDAExecutionProvider,timed
84b167c77985fe05f490bc4141dc676d,5807242,1.4837,0,2.3198,2.0556,3.9582,2.5425,100,CUDAExecutionProvider,timed
852f21047c2aa03cb1fde04587083228,19489162,26.7819,11649679,2.1774,2.0459,3.2771,2.3826,100,CUDAExecutionProvider,timed
853add1fb58360f2ee5b53178d6429dd,6510218,1.4808,0,2.5464,2.2408,4.2131,2.8649,100,CUDAExecutionProvider,timed
8544d4b88c215d814f921c3d27ab9715,21411210,31.3400,13631488,3.0873,2.8651,4.6474,3.2986,100,CUDAExecutionProvider,timed
85745917b80e88f503fafc55d3b784c2,3742858,0.9699,0,1.7802,1.5977,3.6093,2.0271,100,CUDAExecutionProvider,timed
857c845e281e733583b3e1f7f13a243f,5631114,1.3962,0,2.1860,1.8974,3.8397,2.4618,100,CUDAExecutionProvider,timed
85fc17d541dc5eb70337803fcea31de8,8574602,2.7766,741376,2.7893,2.5398,4.5027,3.0555,100,CUDAExecutionProvider,timed
860569af9621d6745663a2956c5191ad,6070666,1.5332,0,2.4754,2.2120,4.0821,2.7159,100,CUDAExecutionProvider,timed
86083346482d6f53635eb434524b5511,6070666,1.3980,0,2.3042,2.0963,4.1795,2.5655,100,CUDAExecutionProvider,timed
86234eb6135af3960d7fdea3d65f645a,5631114,1.4453,0,2.1977,1.9582,3.5995,2.4203,100,CUDAExecutionProvider,timed
86b6f658f237f6dd05204a6ca97d5743,12110730,11.0969,4404019,2.6129,2.3705,4.3493,2.8788,100,CUDAExecutionProvider,timed
86ef58b422915affbb5f01dc2fc5c1ce,6246794,1.6584,0,2.3892,2.1887,4.1901,2.6698,100,CUDAExecutionProvider,timed
870510b55facdb8976f862394e9c4fc3,6422922,1.7648,0,2.5040,2.2501,4.1767,2.7320,100,CUDAExecutionProvider,timed
87ddd8c9aaa5ffcfa8988b2208320cbd,23169418,35.2593,15414067,3.7984,3.5476,5.7256,4.1228,100,CUDAExecutionProvider,timed
8810708382e7993dff9f4fb2742d3635,2974090,0.8242,0,1.0479,0.9394,2.1601,1.2229,100,CUDAExecutionProvider,timed
8833639bdf7c2aa109b969c32a65cc28,3805107,1.2891,0,3.6847,3.2244,5.7327,3.9931,100,CUDAExecutionProvider,timed
88533e8540790ea14214199b7b18c5a8,2779703,1.1863,0,3.1912,2.8158,5.1832,3.5459,100,CUDAExecutionProvider,timed
8857e90db260c3ae832eb1d3ad1d2337,22290314,33.1040,14365491,3.6143,3.3152,5.3479,3.9242,100,CUDAExecutionProvider,timed
886abf4ac14e23ff82b11794328a3547,22454154,33.3865,14512291,3.4414,3.2372,5.1225,3.7213,100,CUDAExecutionProvider,timed
8885e8e531900b8af1393e4e45cf43d8,4445834,1.2925,0,2.5317,2.1595,5.2332,2.9788,100,CUDAExecutionProvider,timed
88b8c2d06e3be302d64cc528062b5595,14196618,15.1024,6427770,2.5541,2.3615,4.3687,2.8150,100,CUDAExecutionProvider,timed
88fbe77b5640371dcbfb38598126b26b,14196618,15.0742,6385827,2.3973,2.2337,4.0726,2.6539,100,CUDAExecutionProvider,timed
8931375b17571d1c7fbf7c112dbe28bc,2780880,1.1819,0,3.1804,2.7674,5.2488,3.4953,100,CUDAExecutionProvider,timed
899273c79511eb3886001ffd5fafdf65,32633738,56.1228,24840765,4.4272,4.1315,6.2138,4.7818,100,CUDAExecutionProvider,timed
89cb2b3dd91a73e067eea4b1b67e033d,8311178,2.2377,465408,2.8786,2.5408,4.6104,3.1834,100,CUDAExecutionProvider,timed
8a666b281d20242f496975081b2e601a,8135050,1.8719,217600,2.7521,2.4199,4.6182,3.0203,100,CUDAExecutionProvider,timed
8a67d9ba0c93eb2f70c707fc6efff028,833576,0.8665,0,2.6914,2.2518,4.3603,2.9664,100,CUDAExecutionProvider,timed
8a8c599255733293cca58f201eb56bdf,2796383,1.2121,0,3.1863,2.7966,4.9983,3.4322,100,CUDAExecutionProvider,timed
8aacaa51eb7421d4fe918e3421437986,29832586,49.9182,21883781,3.7513,3.4777,5.4147,4.0458,100,CUDAExecutionProvider,timed
8ac52337a9d2258225417431679eb4ac,3742858,1.2195,0,2.1108,1.8818,3.8280,2.3771,100,CUDAExecutionProvider,timed
8b2e434cce492e217d6e82c44a6de814,1415050,1.0634,0,1.7509,1.5783,3.3348,2.0227,100,CUDAExecutionProvider,timed
8b7f9b37a02fdf554fb77e97a2c4edbb,22454154,33.5546,14522777,3.3749,3.2078,5.1388,3.6539,100,CUDAExecutionProvider,timed
8b900e6fbd7672c65fe6f833e95c200b,21411210,31.4470,13631488,3.0472,2.8285,4.7432,3.2953,100,CUDAExecutionProvider,timed
8b9be5d95d30991c3858fe0024905d8a,6686346,1.6716,0,2.7651,2.4815,4.5490,3.0688,100,CUDAExecutionProvider,timed
8c354810335fa8f8af62e14e69c92416,31754634,54.0371,23834132,4.2903,3.8803,6.0647,4.5541,100,CUDAExecutionProvider,timed
8c7c4a40a9479c7f697b5bc3af501f5b,29668746,50.1088,21883781,3.9942,3.6718,5.4429,4.2158,100,CUDAExecutionProvider,timed
8cb3a764fd692371153c2c8503f840e0,11067786,7.7331,3093299,1.8907,1.7426,3.2669,2.0853,100,CUDAExecutionProvider,timed
8cc1db85d68941ddc0ae6f455b7dd8ae,12110730,10.6904,4330618,2.6478,2.4431,3.9861,2.8651,100,CUDAExecutionProvider,timed
8cde6d91c55887e02d1e539a4158519d,12274570,10.6612,4445962,1.7993,1.6781,2.9060,1.9673,100,CUDAExecutionProvider,timed
8ce7a157bb8325e06b4979c5ad77d620,3039882,0.8862,0,1.3572,1.2065,2.3923,1.5233,100,CUDAExecutionProvider,timed
8d6551d697ad30bb0a174e47d0bda0f8,21411210,31.5936,13704888,3.0417,2.8631,4.6295,3.2861,100,CUDAExecutionProvider,timed
8d9bd61b19a1c7b12f72ae934f99efb0,28789642,48.0161,21002977,3.5412,3.3516,4.9368,3.7709,100,CUDAExecutionProvider,timed
8da04adf608eb22905587f461a1c3edd,2265738,0.8876,0,2.1585,1.8649,4.0007,2.4622,100,CUDAExecutionProvider,timed
8dcab98e50962bc64eb888de400a2d60,3797474,1.4268,0,3.3961,2.8942,5.3364,3.7321,100,CUDAExecutionProvider,timed
8dd13a561a5d593fdc828306b10a4e60,712074,0.6663,0,1.0134,0.9100,2.1327,1.1821,100,CUDAExecutionProvider,timed
8e1d80638c24b4d6cf2dfdadebca9737,1080970,0.6206,0,1.6946,1.5130,3.2095,1.9637,100,CUDAExecutionProvider,timed
8e651ef65c083b4d631d9f4e1057b603,12110730,10.7956,4330618,2.5587,2.3244,4.2517,2.8096,100,CUDAExecutionProvider,timed
8e745799d6c739ad3f03b9de020abc08,10462858,6.2551,2495610,2.9798,2.6455,5.0404,3.3273,100,CUDAExecutionProvider,timed
8e85de1dead7e9c3e04aa83a4a4b5ab1,19489162,27.2803,11691622,3.0423,2.8411,4.4780,3.2906,100,CUDAExecutionProvider,timed
8ea87d1967f5899f0378de0842f03357,1458454,0.9060,0,2.3812,2.0366,4.3411,2.6445,100,CUDAExecutionProvider,timed
8f05e88084647ad6561578d45893e81e,21575050,31.4989,13683916,3.1102,2.8660,4.7056,3.3130,100,CUDAExecutionProvider,timed
907802d27f786475545b76371b5b5da9,12110730,10.5571,4393533,2.0847,1.9603,3.8130,2.3352,100,CUDAExecutionProvider,timed
90a35050239ec41f90adb19f0aa7a9e3,2810250,1.8397,0,1.8099,1.6143,3.1339,2.0062,100,CUDAExecutionProvider,timed
90d41553c012f05a35e0fd41d5b68295,21411210,31.6350,13631488,3.2931,3.0433,4.9064,3.5364,100,CUDAExecutionProvider,timed
90e3f5faec3240ddfee38a004cead72a,1931146,0.8559,0,0.9397,0.8528,1.8067,1.0808,100,CUDAExecutionProvider,timed
90ef47dbc5f8d324099359433fbe82df,22454154,33.2718,14522777,3.4540,3.2207,5.2347,3.7285,100,CUDAExecutionProvider,timed
9136b2e02ddc2881f410b4ba54bbad48,3087550,1.2438,0,3.3612,2.9608,5.2943,3.6794,100,CUDAExecutionProvider,timed
9172e8ef5d8828d5f87ab87f7d9bde8c,2810250,1.3161,0,1.4451,1.2650,2.4044,1.5816,100,CUDAExecutionProvider,timed
91918ea9f4e4b7db350e8cb1dcc8f0c2,6070666,1.4347,0,2.3575,2.1166,4.1021,2.6010,100,CUDAExecutionProvider,timed
9205f3085fe97cb7a47783c3bbc01eab,5543818,1.1037,0,1.6448,1.4669,3.2729,1.8404,100,CUDAExecutionProvider,timed
9276fde4b697391a8d5066e28867bb0b,2446392,1.3134,0,2.8711,2.4781,4.9510,3.2452,100,CUDAExecutionProvider,timed
9293a63abf5e8458b478099cbb9570d2,420361,0.8345,0,2.3244,2.0479,4.1365,2.6229,100,CUDAExecutionProvider,timed
92a5631bab282fb916ce1bb17226e868,12989834,12.7470,5284823,2.9599,2.6229,4.5531,3.2923,100,CUDAExecutionProvider,timed
92ae8634e6ea95d7d48e9fe6c2f3836b,14032778,14.9143,6259998,2.9178,2.7154,4.4541,3.1174,100,CUDAExecutionProvider,timed
9356645ae93df380444ea4ea52aa9663,5807242,1.2696,0,2.0067,1.7892,3.3998,2.2331,100,CUDAExecutionProvider,timed
94077873c0860ab2590b655a1889e3c3,5611402,1.9412,0,2.3102,2.1291,3.9770,2.5556,100,CUDAExecutionProvider,timed
941745c7ff13c8da20212953c63d1d32,8135050,1.9224,297472,2.6850,2.3762,4.4076,2.9617,100,CUDAExecutionProvider,timed
9440aadf0cbb3db290a9d87591c09be9,20368266,29.1294,12656312,2.8086,2.6367,4.3167,3.0334,100,CUDAExecutionProvider,timed
94bd326911f061808bc2197d97760da8,6070666,1.5672,0,2.4352,2.2119,4.1049,2.6830,100,CUDAExecutionProvider,timed
951fbeab18853b16a3b9f31f410ccc3b,30711690,51.8209,22785556,3.9034,3.6705,5.8800,4.2587,100,CUDAExecutionProvider,timed
952dfc4e689b9c00236770eaf021bcd5,22617994,33.5708,14742978,3.0300,2.8188,4.3631,3.2131,100,CUDAExecutionProvider,timed
95717613c5c79692756a23a8a02ffdb6,6510218,1.5566,0,2.8072,2.4288,4.7395,3.1342,100,CUDAExecutionProvider,timed
9658ee67bf050f0fbc8e337a6a5f6cee,2557578,1.2050,0,2.0797,1.8673,3.5851,2.3575,100,CUDAExecutionProvider,timed
9679451bb3280c35d3c4bb2141d70694,21411210,31.0501,13463715,3.3997,3.1509,4.9221,3.6394,100,CUDAExecutionProvider,timed
96794a104891b22bf4f2abbdd7c3e90f,11231626,8.0685,3323985,1.5138,1.4328,2.5348,1.6979,100,CUDAExecutionProvider,timed
968755e05b28d2bcd83ffd9db9b837dc,1591178,1.2172,0,1.9302,1.6938,3.6262,2.2571,100,CUDAExecutionProvider,timed
96ad5bd16b5c2d4501ee3e16ef2a1dd8,5631114,1.4011,0,2.2561,2.0347,3.8538,2.5636,100,CUDAExecutionProvider,timed
96bf52913dbdd678023248228c44161d,1415050,0.7751,0,1.4922,1.3284,2.6831,1.6595,100,CUDAExecutionProvider,timed
96c1edf2519472092008f6565e352e75,5104266,1.2629,0,1.8143,1.5724,3.7583,2.1435,100,CUDAExecutionProvider,timed
971ac24547267da23e12018371b49874,5807242,1.6010,0,2.3538,2.1465,4.2841,2.6046,100,CUDAExecutionProvider,timed
971d4a887ef4b24e31731c0dfd816253,2885547,1.1717,0,3.3395,2.9839,5.6704,3.7322,100,CUDAExecutionProvider,timed
97889eea40097070385170769c219cbf,24212362,37.6499,16420700,3.8794,3.6183,5.6465,4.1843,100,CUDAExecutionProvider,timed
97a871e1febc99c32b5744dbd658d2cd,20532106,29.5162,12708741,2.9745,2.7930,4.5990,3.2538,100,CUDAExecutionProvider,timed
980f15236179785b551c73fc8d6e984c,2606881,1.1256,0,2.9143,2.5671,5.2372,3.2965,100,CUDAExecutionProvider,timed
98f98be5d542c77409e1af4470782107,29668746,49.3971,21726494,4.0420,3.7675,5.6800,4.3610,100,CUDAExecutionProvider,timed
991320ea46fdc1457a1273cbf5aba759,3655562,1.2620,0,2.1374,1.8066,4.0140,2.4308,100,CUDAExecutionProvider,timed
9941441e03741eeff067d2631a108b88,12110730,10.7180,4404019,2.4382,2.2493,4.0606,2.7201,100,CUDAExecutionProvider,timed
99721afd3b8c087a8ca3ea7f28af83ae,7871626,1.9237,23040,2.5949,2.3492,4.2746,2.8627,100,CUDAExecutionProvider,timed
997324d7135eecbf9adfaab28c82993a,5543818,1.5294,0,2.1221,1.9358,3.6650,2.3687,100,CUDAExecutionProvider,timed
999343ba2fa65de082920986f582ef16,12274570,10.7678,4372561,2.4801,2.3081,4.0927,2.7256,100,CUDAExecutionProvider,timed
9a00438f0896232e140bc6386da5795f,832413,0.8721,0,2.6734,2.2373,4.3473,2.9528,100,CUDAExecutionProvider,timed
9a2b900056c9c0337a844227bd7e339b,4709258,1.2252,0,2.3704,2.1869,4.2554,2.6696,100,CUDAExecutionProvider,timed
9ab996abaf7c9b44d657088a4eca7052,3084560,1.2337,0,3.2295,2.8287,5.3983,3.5969,100,CUDAExecutionProvider,timed
9b42bbb2497a2f58dee903d289ec1d27,2810250,1.5360,0,1.7001,1.5508,3.1685,1.9150,100,CUDAExecutionProvider,timed
9be41c6cf6d0d5c24f123ede691165ec,3742858,1.2140,0,2.0994,1.8995,4.1612,2.4805,100,CUDAExecutionProvider,timed
9c9e127b5d94aaad1a511c080df7a376,30875530,52.2505,22995271,3.6082,3.4335,5.1810,3.8326,100,CUDAExecutionProvider,timed
9cbe27c0f0a34fbfa53c8f1ac14ecd75,3303306,1.2581,0,1.9185,1.7663,3.5761,2.2167,100,CUDAExecutionProvider,timed
9cdc8d7d74f726a82ca50f89f295d6d2,5059978,1.1849,0,1.4705,1.2655,2.6385,1.6846,100,CUDAExecutionProvider,timed
9cfdcd94e42e27e1c98ab7a399c632c0,4182410,1.3863,0,2.2851,2.0653,3.8087,2.5656,100,CUDAExecutionProvider,timed
9d6114a69e8dd4e9fd94a4135acefe34,420361,0.8286,0,2.3896,2.1062,4.0899,2.5941,100,CUDAExecutionProvider,timed
9d6a3f721926eebbf2277acdf938b14f,7871626,1.8693,0,2.5843,2.3561,4.5665,2.9056,100,CUDAExecutionProvider,timed
9d945979a511db5b3a3bcf0e56ce77a5,4182410,1.3704,0,2.3361,2.0756,3.9364,2.5855,100,CUDAExecutionProvider,timed
9ddcb4352e76b30e81657979f9b9cbef,4182410,1.3410,0,2.3996,2.0872,4.2549,2.7722,100,CUDAExecutionProvider,timed
9df5740cb4c58ca0d0b39b00e06945c7,7958922,1.6912,0,2.5339,2.2946,4.3279,2.8232,100,CUDAExecutionProvider,timed
9e13d13f68bf5ce313b5847654d0f02b,1327754,1.1291,0,1.8071,1.6841,3.3830,2.0493,100,CUDAExecutionProvider,timed
9e6133c934fc1024fffdc13ab5bda45b,2810250,1.2952,0,1.4280,1.2884,2.3696,1.5920,100,CUDAExecutionProvider,timed
9f1b49c2d168104d28574ec7edb58dc3,3643999,1.2406,0,3.4702,3.0730,5.8695,3.7880,100,CUDAExecutionProvider,timed
9f217c636575306d3be9cb2f01eecb08,1591178,0.8103,0,1.5774,1.3510,2.9445,1.7952,100,CUDAExecutionProvider,timed
9f4f07e32195542677bd0acbba9cf3f4,5894538,1.3403,0,2.1651,1.9454,3.9192,2.3818,100,CUDAExecutionProvider,timed
9f5bc44b235f5109da1a85ae01eb0b08,10023306,5.4527,2181038,2.5892,2.3815,4.4733,2.9312,100,CUDAExecutionProvider,timed
9f8cbcb28eeffd2271d4e9d9452fc36c,3918986,1.4609,0,2.0474,1.8552,3.4699,2.2898,100,CUDAExecutionProvider,timed
9fbcfdba7eb6a45217da1a8c3fbb3b71,3566730,1.2062,0,2.0002,1.7787,4.0366,2.3424,100,CUDAExecutionProvider,timed
9fe1f5bd15d48e230a72cf36a3dba1ee,1460281,0.9989,0,2.6707,2.2549,4.4168,2.9109,100,CUDAExecutionProvider,timed
a07a490140e123780a8fee1688207e19,22454154,33.6951,14690549,3.4165,3.1582,5.3139,3.7611,100,CUDAExecutionProvider,timed
a14c891ee1d865dbc8a66b1bc3cada51,23497098,35.7690,15634268,3.5585,3.3015,5.4573,3.8267,100,CUDAExecutionProvider,timed
a173b2b7cef1a83d2f4b2c60100e202b,13153674,12.9600,5379194,2.6990,2.4866,4.4795,2.9725,100,CUDAExecutionProvider,timed
a1cab48052a76de2d82508410bd2761e,4863162,1.6901,0,3.7309,3.2599,5.7202,4.0456,100,CUDAExecutionProvider,timed
a2188a64504f13d0f5ad85a687d10743,1358953,0.8945,0,2.8879,2.4288,4.7190,3.1477,100,CUDAExecutionProvider,timed
a2193374d95ee8c3705d8c70065389e6,12989834,12.1683,5043650,2.3545,2.1719,4.0302,2.5868,100,CUDAExecutionProvider,timed
a220b0487ff7cbcd7d9b4a2bf689bee3,3918986,1.4585,0,2.0377,1.8432,3.6573,2.2809,100,CUDAExecutionProvider,timed
a293c4916be4760f28af550f784e4062,21247370,31.2779,13474201,3.4056,3.1442,4.9855,3.6423,100,CUDAExecutionProvider,timed
a29711f5a7d0a8ec8f2e53c6bddd7964,947817,0.7766,0,2.5833,2.2197,4.2227,2.8197,100,CUDAExecutionProvider,timed
a2b1e16ff660f631ac8f510558f5e28e,3688389,1.2841,0,3.5590,3.1154,5.4448,3.9188,100,CUDAExecutionProvider,timed
a2dbe984c6a06f659e22503e830fc66b,39848330,71.9678,31918653,4.7895,4.4196,6.7703,5.1352,100,CUDAExecutionProvider,timed
a2ff048bbd10f06c03164c22f156a453,2381450,1.0800,0,2.0670,1.7623,3.6897,2.3347,100,CUDAExecutionProvider,timed
a321fcc724dcdd6974f64d546909b58e,28789642,48.0915,21076377,3.3732,3.1323,4.5846,3.5850,100,CUDAExecutionProvider,timed
a325d39cf3ac0ed2648abf7cc578e38f,24376202,37.8433,16515072,3.5436,3.3739,5.3096,3.8005,100,CUDAExecutionProvider,timed
a34528859efd28c7a2315dbd876f6678,5807242,1.5018,0,2.4221,2.1889,4.0488,2.6795,100,CUDAExecutionProvider,timed
a3712156fcf71d5eeb9df1c3a4ccb91c,9014154,3.5067,1059061,2.8906,2.6702,4.6944,3.1935,100,CUDAExecutionProvider,timed
a38ce90687a1f0d4d58ef9df300c4dc1,8574602,2.5168,610304,2.8385,2.4781,4.7433,3.1105,100,CUDAExecutionProvider,timed
a45a0a1645289de5a6482c35ad9f185a,10199434,6.0125,2233466,2.9329,2.6618,4.5638,3.1697,100,CUDAExecutionProvider,timed
a4c71eaa7d0778c6a3ac2205e8ebe6f1,5775242,2.0013,0,2.2037,1.9898,3.9238,2.4970,100,CUDAExecutionProvider,timed
a4c830aaaa9d645e8a00e92c529e2611,20532106,29.3797,12708741,2.8147,2.5086,4.2161,2.9687,100,CUDAExecutionProvider,timed
a4e403d5785a95fc72191cff16a321a6,21575050,31.2842,13683916,2.6384,2.4746,4.0919,2.8575,100,CUDAExecutionProvider,timed
a618386c489b558ce5bd285d4ea793ec,2505805,1.0736,0,2.7992,2.3428,4.8059,3.1082,100,CUDAExecutionProvider,timed
a634db6c204329abc7ec9244526e4acf,12110730,10.7463,4393533,2.2501,2.0503,3.8180,2.4605,100,CUDAExecutionProvider,timed
a665b13021b69a2c84bbf3105c0cca37,21575050,31.4612,13683916,3.0615,2.8409,4.6805,3.3153,100,CUDAExecutionProvider,timed
a673e53e87c4c863a3129b8cb9ac5cda,1832915,1.1422,0,2.7314,2.4177,4.7710,3.0285,100,CUDAExecutionProvider,timed
a6953265167b76e2ecab4eb0afad6a3d,2665799,1.2033,0,3.2396,2.7555,5.2088,3.5172,100,CUDAExecutionProvider,timed
a69d0383a5e9bc079f0f1db3664d7445,1700674,0.8761,0,2.6322,2.2941,4.3886,2.8883,100,CUDAExecutionProvider,timed
a6a4c66cdd64789c73aae44ce88ee90d,2810250,0.9647,0,1.2182,1.0713,2.2503,1.3783,100,CUDAExecutionProvider,timed
a6aa499904b38cfc07eeb87621b614cb,4182410,1.3060,0,2.2914,2.0629,4.1528,2.5872,100,CUDAExecutionProvider,timed
a6e1161e28c87f691606f452cbd2625f,8398474,2.1446,434688,2.8757,2.4779,4.7978,3.1764,100,CUDAExecutionProvider,timed
a6e84cf206a71c1940c740e786109d4f,4182410,1.2349,0,2.1562,1.9520,3.7833,2.4089,100,CUDAExecutionProvider,timed
a6fda1cd5df4a97f5f44e8fd7f0d922c,13153674,12.9945,5337251,2.6209,2.3356,4.2065,2.8775,100,CUDAExecutionProvider,timed
a704c75bbf81b843921b5ee8af791181,3742858,0.9849,0,1.7715,1.5614,3.1257,1.9889,100,CUDAExecutionProvider,timed
a71e4989d59440b14d17f2e51c4beb8e,7432074,1.7471,0,2.2623,2.0462,3.8367,2.5112,100,CUDAExecutionProvider,timed
a73457200f0d7383a3bcdd22415c0fca,32633738,56.2027,24725422,4.4727,4.1180,6.0738,4.7821,100,CUDAExecutionProvider,timed
a7566f2090f0f83d77330a8c572c6402,19489162,27.1024,11765022,2.3046,2.1836,3.3883,2.5039,100,CUDAExecutionProvider,timed
a7b12025cb9aadc5378a73cfb4146fd3,4006282,1.2540,0,2.1715,1.9798,4.0445,2.4290,100,CUDAExecutionProvider,timed
a81775712491499974b4c6823ba04672,3479434,1.3085,0,2.0597,1.8719,3.9356,2.3516,100,CUDAExecutionProvider,timed
a86dde299f89b29f81573ed9e5a93999,5807242,1.5201,0,2.3519,2.1301,3.8693,2.6571,100,CUDAExecutionProvider,timed
a86e838c989993e8e6f2faba34610935,1860668,0.9961,0,2.9999,2.5679,4.7374,3.2488,100,CUDAExecutionProvider,timed
aa04a8cf3948a0eda70280b9e015e896,5983370,1.5593,0,2.3283,2.1534,3.8093,2.5969,100,CUDAExecutionProvider,timed
aa665d5ca55829b9ddd3a4d1c360a87b,29668746,49.8182,21852323,3.5984,3.4431,5.1424,3.8353,100,CUDAExecutionProvider,timed
aa772a6fabdf214d071700d5de36eaac,2632240,1.3835,0,2.9962,2.5174,5.0913,3.2972,100,CUDAExecutionProvider,timed
aa7b0f3ebe30e40cce3f0273b083e7c3,4094972,1.3768,0,3.6602,3.2517,5.7539,3.9690,100,CUDAExecutionProvider,timed
aa82800062a6de72d4c1152154fedcbf,12274570,10.8469,4487905,2.0547,1.9030,3.4697,2.2526,100,CUDAExecutionProvider,timed
ab4515814f7cbfdd3c0731a979042b7f,2602252,1.0982,0,3.0088,2.6793,4.9269,3.3054,100,CUDAExecutionProvider,timed
ab5eb5f1bbe888a3f8ac13fdb600675d,8574602,2.6070,611840,2.8326,2.6433,4.6780,3.2058,100,CUDAExecutionProvider,timed
abbb229f6d99fca2894a8bf159d9ec19,951471,0.8326,0,2.7270,2.3447,4.3605,2.9313,100,CUDAExecutionProvider,timed
abc4a96cad7cbefd12e365f184cad2c5,2045353,1.0754,0,2.9414,2.5491,5.0292,3.1961,100,CUDAExecutionProvider,timed
abdf715e664f53708e379d1e10ab09d2,21411210,31.3742,13526630,3.3598,3.1452,4.9321,3.6240,100,CUDAExecutionProvider,timed
ac9bd0e2514c031187b612db767fb038,1151626,0.5673,0,1.0744,0.9895,2.3463,1.2600,100,CUDAExecutionProvider,timed
accc89fbbf20834663bf78d836746304,2776458,0.9141,0,1.2777,1.1284,2.8087,1.4880,100,CUDAExecutionProvider,timed
acfbc2d7cbf5a89feb83c156c81ae4e5,14911882,16.4944,6983516,3.1286,2.8807,4.9208,3.4036,100,CUDAExecutionProvider,timed
ad2890a0514518c4ad5823cafa7c77ee,1803577,0.8714,0,2.9669,2.3973,4.8088,3.2303,100,CUDAExecutionProvider,timed
adb0222a55502bc995c9423c5a6a81c7,421663,0.7731,0,2.0852,1.8035,3.5335,2.2648,100,CUDAExecutionProvider,timed
adf5ea752a5c97d75deb8456afa39921,1448230,0.9187,0,2.5084,2.2493,4.4635,2.7939,100,CUDAExecutionProvider,timed
ae64022f9eb4d711b7a641ae08009269,3742858,1.1535,0,1.9431,1.7647,3.5304,2.2304,100,CUDAExecutionProvider,timed
ae8226a2141935fa6950cecd98eaa005,4182410,1.3318,0,2.3031,2.0651,4.2454,2.5756,100,CUDAExecutionProvider,timed
aed6c55f69f51f50a3ccaccfc9671bba,20532106,29.1352,12698255,2.4397,2.2718,3.8893,2.6332,100,CUDAExecutionProvider,timed
af5a3a68e1353171ac670fe843660132,22290314,33.4027,14533263,3.5693,3.3276,5.4655,3.8394,100,CUDAExecutionProvider,timed
af92509333e1f98b963251ce6f2011e3,4621962,1.3530,0,2.6302,2.2326,4.5673,2.9898,100,CUDAExecutionProvider,timed
afbae1c035782c5f51f7542247d99794,6510218,1.5474,0,2.6189,2.3391,4.5627,2.8978,100,CUDAExecutionProvider,timed
b03f7cb52ec8640a3b4f171a735d482e,8135050,1.8465,166400,2.7000,2.4280,4.8668,3.0478,100,CUDAExecutionProvider,timed
b0af3f069c5cb289a89d7bccd621845e,14032778,14.8987,6270484,2.9264,2.7593,4.6224,3.1979,100,CUDAExecutionProvider,timed
b1075acb15c1416eb97ad6607cef4f3b,6949770,1.7216,0,2.6600,2.3591,4.5410,2.8978,100,CUDAExecutionProvider,timed
b11ebfad8525cd6f388d1c36eb981a68,5807242,1.6073,0,2.3515,2.0988,4.2151,2.6224,100,CUDAExecutionProvider,timed
b1e8588a4ddc7cdc703046d9c4bf5403,3039882,1.1169,0,1.7067,1.5391,2.9710,1.9032,100,CUDAExecutionProvider,timed
b2ad69553f55d4963afbb50157f215c2,12274570,11.0744,4445962,2.3555,2.1693,3.8460,2.4897,100,CUDAExecutionProvider,timed
b2dc755e6163fdadfaf1a20f11ede4f7,3742858,1.2523,0,2.1037,1.9130,3.8090,2.3616,100,CUDAExecutionProvider,timed
b31a306fb738bf434a7a637c9ffe68ba,1591178,0.8003,0,1.3892,1.1196,2.6236,1.5888,100,CUDAExecutionProvider,timed
b323da5c45643e9c967a0546dc939764,2974090,1.1329,0,1.2655,1.1610,2.2766,1.3963,100,CUDAExecutionProvider,timed
b34c0272bee36b6fbd2971734b2e0a63,4896138,1.4427,0,1.7375,1.5709,2.8387,1.8981,100,CUDAExecutionProvider,timed
b372fb0e24b1511b7805d1d6bd1c78c6,4621962,1.4841,0,2.5039,2.1169,4.0625,2.7463,100,CUDAExecutionProvider,timed
b3dc79507d0bd5a4b0915ba165376fbf,6510218,1.6161,0,2.6535,2.2338,4.6209,2.9442,100,CUDAExecutionProvider,timed
b436a6e7730396404984f0775bdbdbc9,1415050,1.0040,0,2.1253,1.6329,3.4078,2.2519,100,CUDAExecutionProvider,timed
b49ac8c578b4561d79ac7087988f1c61,10188682,5.9241,2338324,1.4369,1.3071,2.3014,1.5535,100,CUDAExecutionProvider,timed
b4c0b02c5dcd1b49a7b47be99a3e0fda,8135050,1.8471,166400,2.9316,2.5114,4.5224,3.1591,100,CUDAExecutionProvider,timed
b4ed20daca47eccf1852b226911a394f,3655562,1.3530,0,2.4292,1.9136,4.1485,2.7134,100,CUDAExecutionProvider,timed
b59d40920fd59f2b76a8ae0c5504085c,3918986,1.4036,0,2.5135,2.0193,4.4535,2.7610,100,CUDAExecutionProvider,timed
b5a93d6f54b779f0fa99b243466bacea,29668746,50.0150,21894266,4.0055,3.7426,5.7448,4.3103,100,CUDAExecutionProvider,timed
b5b2760be383c2f1485073b1c54d02e9,497674,0.5364,0,1.7481,1.3233,2.9608,1.9071,100,CUDAExecutionProvider,timed
b5c67e246aa1b13c2a1f368cfaf3705e,2784984,1.1513,0,3.6548,2.8504,5.3752,3.8591,100,CUDAExecutionProvider,timed
b63f6a132f77910ccac030af0f120192,21411210,31.0803,13474201,3.4418,3.1335,4.9504,3.6906,100,CUDAExecutionProvider,timed
b6c9554acdc4b47d81823ba67626f845,12110730,10.7189,4330618,2.5375,2.3309,4.2537,2.8261,100,CUDAExecutionProvider,timed
b6cfe6189f05c33821cb9d0df417a8fc,14032778,14.9249,6259998,2.9953,2.6857,4.5907,3.2172,100,CUDAExecutionProvider,timed
b7722bcee5e5c3e61965e8da35cb82ad,3822950,1.2263,0,3.7373,3.1093,5.6716,4.0082,100,CUDAExecutionProvider,timed
b7b8d82d71264d1d606793b5a65a4ecf,6686346,1.7395,0,2.8847,2.4205,4.6458,3.1667,100,CUDAExecutionProvider,timed
b898e8a7ada8eadb0319638eb2d0520f,1297125,0.9716,0,3.0665,2.4498,4.9733,3.3801,100,CUDAExecutionProvider,timed
b8ac1fcbc2fca0dfc45a99652b502843,5631114,1.4848,0,2.3847,2.0040,3.9125,2.6498,100,CUDAExecutionProvider,timed
b8c0df1967a82ca4f0be3e88cf2efbb6,10199434,5.8398,2233466,3.0498,2.5374,5.7536,3.4093,100,CUDAExecutionProvider,timed
b8c821682443b314c913878f9febe926,13153674,12.5219,5263851,2.1823,2.0109,3.7574,2.4281,100,CUDAExecutionProvider,timed
b8f5db82f5646ced448205c7de637f33,6686346,1.7590,0,2.8353,2.3129,4.6675,3.1135,100,CUDAExecutionProvider,timed
b9004ebdd029b077bc3e6cdb7da692d4,2974090,0.9952,0,1.2449,1.0670,2.7526,1.4518,100,CUDAExecutionProvider,timed
b91f365bf5006d28865808e3e74ddc75,12110730,10.4013,4320133,2.3363,2.1095,3.9897,2.5756,100,CUDAExecutionProvider,timed
b94752eaa467ee9b62e24643dfec7376,7695498,1.6770,0,2.5923,2.2111,4.1994,2.8285,100,CUDAExecutionProvider,timed
b98c29c210adbd72771cfa1b08e278d2,12274570,10.6125,4320133,2.4154,2.2377,4.1022,2.6476,100,CUDAExecutionProvider,timed
b9b8d68a9e92490be9fae5fe98c93fff,7871626,1.8946,23040,2.7681,2.3293,4.5824,3.0928,100,CUDAExecutionProvider,timed
b9ba3436af81be9d9dbfb8ec840e59da,1678474,1.0229,0,2.0901,1.7297,3.4482,2.2674,100,CUDAExecutionProvider,timed
b9d626506f441e7dff83e31537491aa6,11231626,8.4949,3428843,1.7354,1.6269,2.6189,1.8745,100,CUDAExecutionProvider,timed
ba4571cd14baeac35e8379941d456294,22290314,33.4654,14522777,3.7173,3.3639,5.5534,4.0064,100,CUDAExecutionProvider,timed
ba913daa2e7faa0619ceea5b3b7db9bc,1678474,1.0041,0,2.1537,1.7141,3.4522,2.3401,100,CUDAExecutionProvider,timed
bacbce1769dfc8fae89fc31c6f525d2b,22454154,33.7367,14680064,3.5942,3.2399,5.2443,3.8291,100,CUDAExecutionProvider,timed
bb00db7cdbac28ecfdb1a69529ce1dfc,10023306,5.3350,2055208,2.9694,2.5690,4.5420,3.1891,100,CUDAExecutionProvider,timed
bb324de5f249ac88fbd794a0b956bcce,3380280,1.4582,0,3.4230,2.8453,5.5112,3.7213,100,CUDAExecutionProvider,timed
bb60c46f5b7c352b7900043c5ef7e0a7,2810250,0.9399,0,1.2996,1.0860,2.4459,1.4218,100,CUDAExecutionProvider,timed
bbafb7b224f5af0a5e6a28a0f3db97af,22290314,33.2280,14522777,3.9033,3.4207,6.1507,4.2874,100,CUDAExecutionProvider,timed
bbd7d7c4c9b9d1d8532d3f1fa4af668d,2914728,1.0929,0,3.2881,2.6998,5.1889,3.5236,100,CUDAExecutionProvider,timed
bc09be64afbb2ccb28cde3bcae556f67,3742858,1.0937,0,2.1603,1.7636,3.6392,2.3472,100,CUDAExecutionProvider,timed
bc12ef2ce699b9f9ed98731c977784ac,30711690,52.2571,22911385,4.0955,3.8122,6.0052,4.3424,100,CUDAExecutionProvider,timed
bc1b9abe00d344cc7b6bc5d24e176b83,2776713,1.2197,0,3.4311,2.9445,5.7484,3.7443,100,CUDAExecutionProvider,timed
bc87a8607312e46c1e5b8157354e44e6,2800487,1.1711,0,3.4709,2.7736,5.4901,3.7800,100,CUDAExecutionProvider,timed
bc94f0e3a913530f3914612d02a328a3,4621962,1.4890,0,2.5668,2.0973,4.3722,2.8677,100,CUDAExecutionProvider,timed
bcac9da9e452e7374364a599a26a61a0,4885386,1.4128,0,2.7332,2.2307,4.0483,2.9133,100,CUDAExecutionProvider,timed
bcc43ab208a192a9ef8a1d41acdd79c9,4445834,1.2801,0,2.4929,2.0344,4.0596,2.7330,100,CUDAExecutionProvider,timed
bce637b42a97ffd878015bb681c21f0e,2810250,1.1257,0,1.3921,1.1737,2.7826,1.6088,100,CUDAExecutionProvider,timed
bcf7cef6d5b96880a65b8cb06a8546e2,4182410,1.3080,0,2.5552,2.0907,4.2743,2.8660,100,CUDAExecutionProvider,timed
bcff469d9ca87c205c3cdfbbcbfec4d6,3479434,1.3547,0,2.3116,1.8473,4.0009,2.5565,100,CUDAExecutionProvider,timed
bd7f38d9c1e6f746e0636499031e0f53,975498,0.7133,0,1.4568,1.0778,2.5913,1.5934,100,CUDAExecutionProvider,timed
bd827b56353a16aca75736cd910b049a,5543818,1.5199,0,2.3067,2.0347,4.1502,2.5333,100,CUDAExecutionProvider,timed
bd831fe4ed1f03d55d931dea19d4a7c0,21411210,31.6419,13715374,3.3867,3.1547,5.0973,3.6921,100,CUDAExecutionProvider,timed
bd9c3973a15cb2d5972acb3b993998d1,12989834,12.7759,5284823,2.7334,2.5344,4.2779,2.9706,100,CUDAExecutionProvider,timed
bd9fee5fb5cc050e8789cabe7f06ea7e,1327754,0.9779,0,1.8920,1.4911,2.9859,2.0296,100,CUDAExecutionProvider,timed
be37244bef6847254a11217570b03524,5807242,1.6117,0,2.5585,2.2337,4.1974,2.8637,100,CUDAExecutionProvider,timed
be8770aa22f4d87e9f298e7df5bb2cec,6334090,1.4778,0,2.6474,2.2985,4.1580,2.9284,100,CUDAExecutionProvider,timed
becde56eb7bf8064d2273c0e0eb15ecf,22290314,32.9560,14365491,3.5049,3.2231,5.6046,3.7912,100,CUDAExecutionProvider,timed
bed0664cd033875b2f5059277b8d1a9e,3918986,1.1480,0,1.9002,1.5536,2.9293,2.0478,100,CUDAExecutionProvider,timed
bfeb1695ef0d4465d162ef0b8b816ae8,1151626,1.1023,0,1.7868,1.5421,3.3702,2.0723,100,CUDAExecutionProvider,timed
c024e48e6a40f824b81342401a836432,14032778,15.0791,6259998,2.9323,2.5733,4.7814,3.2449,100,CUDAExecutionProvider,timed
c03408d8ed90c0cdece556cca6d19cf9,5631114,1.3130,0,2.2388,1.9182,3.6676,2.5350,100,CUDAExecutionProvider,timed
c0d64000c3795c929f097aa01953244b,3039882,1.0870,0,1.7315,1.4319,2.8430,1.9268,100,CUDAExecutionProvider,timed
c0e6b63918f2d62e6aeddc0092a496b8,3742858,1.1978,0,2.2941,1.7643,3.7176,2.4608,100,CUDAExecutionProvider,timed
c122367432b22688bc63c2f329bf5286,712074,0.5132,0,1.0768,0.7791,1.8821,1.1611,100,CUDAExecutionProvider,timed
c17f0eaee8b311423d94291e79968952,1583443,0.9424,0,3.1020,2.4377,5.0844,3.3901,100,CUDAExecutionProvider,timed
c18167dbad42bf4b495860c48908c0c8,3039882,0.9024,0,1.4826,1.2046,2.4992,1.6213,100,CUDAExecutionProvider,timed
c1cef69a22e3ba222471d20add1243eb,3742858,1.1900,0,2.0397,1.7677,3.9896,2.3495,100,CUDAExecutionProvider,timed
c1dba24fc08f29b230d7d3c098c9517c,28789642,47.6947,20961034,3.1525,2.9015,4.2327,3.3429,100,CUDAExecutionProvider,timed
c2b22d3746fd4e2e9e2798aef348e8cf,12110730,10.0101,4152360,2.1605,1.9768,3.7085,2.3521,100,CUDAExecutionProvider,timed
c2b9f32e44695e1371c6926c406b9871,7213194,1.6549,0,3.0422,2.5195,5.1486,3.3159,100,CUDAExecutionProvider,timed
c31fc88bf3c0becde256e1b15e057305,3479434,1.2657,0,2.1763,1.7725,3.7272,2.3649,100,CUDAExecutionProvider,timed
c330076d84843e97be8255f84e6bf74a,29668746,50.1257,21894266,3.9470,3.6551,5.6035,4.2303,100,CUDAExecutionProvider,timed
c371b88a82c4255021bc21b73830d5bc,3642172,1.1812,0,3.4581,2.9200,5.0605,3.6676,100,CUDAExecutionProvider,timed
c374fe5bbb3c9760aa59c669272bbf1a,6070666,1.2912,0,2.2046,1.9654,3.7831,2.4871,100,CUDAExecutionProvider,timed
c385cff57230e741416398670b9fe6c5,5631114,1.4070,0,2.2292,1.9784,3.8159,2.4487,100,CUDAExecutionProvider,timed
c41cdfda81450373fe921c4920794f6b,5983370,1.6713,0,2.2756,2.0774,3.9472,2.5105,100,CUDAExecutionProvider,timed
c465ad35f7c93aefdf743307af761ae1,5807242,1.4678,0,2.2100,2.0019,3.6877,2.5045,100,CUDAExecutionProvider,timed
c49e4ac9841c77d6b5c8868bf48f8829,3039882,0.8595,0,1.3503,1.2273,2.6251,1.5344,100,CUDAExecutionProvider,timed
c4efdf77a43e8d3bd8b92e416b79109e,2782644,1.1584,0,3.2640,2.7719,5.2620,3.5986,100,CUDAExecutionProvider,timed
c51ebcacd4c1298650f62d479909cae5,2151058,1.0388,0,3.2565,2.6956,5.0487,3.4476,100,CUDAExecutionProvider,timed
c53bceec7935e8743e66c08fe7793a20,6510218,1.5487,0,2.6557,2.4241,4.7095,2.9662,100,CUDAExecutionProvider,timed
c5612807a5fab7a7e13df996f8092095,5983370,1.6601,0,2.5136,2.2950,4.3548,2.8006,100,CUDAExecutionProvider,timed
c59a0ed79aeed758107f1cb22dd90432,10188682,6.2208,2380267,1.5792,1.4774,2.5491,1.7340,100,CUDAExecutionProvider,timed
c5a8ee1abdf621ea2c39d88965507a27,3479434,1.2103,0,1.8980,1.7208,3.5134,2.1833,100,CUDAExecutionProvider,timed
c5b401ca33000a6675406689768cecd1,12274570,10.9303,4487905,2.0939,1.9192,3.5682,2.3133,100,CUDAExecutionProvider,timed
c5be66d9056923e12cd092c193900a5c,4896138,1.8395,0,1.9947,1.7999,3.6979,2.2803,100,CUDAExecutionProvider,timed
c625ac37ab948f898c3c054e1d4036cb,3922338,1.3124,0,3.5891,3.1235,5.9969,4.0165,100,CUDAExecutionProvider,timed
c63fcba86f8fd2f2eefaceda05d9aac8,15075722,17.2899,7319060,3.0338,2.7309,5.3053,3.4507,100,CUDAExecutionProvider,timed
c6c7a7a185bfb133dba8e90aa748aa97,13153674,12.4323,5200936,2.4272,2.2827,3.8875,2.6393,100,CUDAExecutionProvider,timed
c6d2c8dc6db7566e4e547ffea6e12a8f,1941898,0.9153,0,1.9039,1.7840,3.4293,2.1425,100,CUDAExecutionProvider,timed
c722f996d921294a5b74c622d4f7ac75,540721,0.8395,0,2.3244,2.0446,4.2677,2.6148,100,CUDAExecutionProvider,timed
c72b3071edd01d4d832b3385d105c706,4732298,1.6985,0,1.9633,1.7667,3.3722,2.1597,100,CUDAExecutionProvider,timed
c74c8d67773abccbc200595da0a84f13,4017034,0.9944,0,1.2619,1.0731,2.2136,1.3723,100,CUDAExecutionProvider,timed
c7ad8d6d128cf6a4209445607328fa4a,1446928,0.9263,0,2.5946,2.3155,4.5338,2.9033,100,CUDAExecutionProvider,timed
c7f7307afb5ee2b8d1533d087109f2b6,5631114,1.3363,0,2.1233,1.9134,4.0689,2.4040,100,CUDAExecutionProvider,timed
c807e9fcfe33f4affc82bf6c0e60f453,12274570,10.7258,4487905,2.0986,1.9438,3.1040,2.2784,100,CUDAExecutionProvider,timed
c84170e92aef5079ae923a958cddfb1b,1816842,0.7390,0,2.0821,1.8953,3.8593,2.3269,100,CUDAExecutionProvider,timed
c8560eb1bf8809d22c34dfdd443117c2,2030730,1.2435,0,1.9232,1.7345,3.5836,2.1962,100,CUDAExecutionProvider,timed
c89315c072ad822ce7010bca146fbecc,5367690,1.1904,0,1.7696,1.6328,3.1286,2.0130,100,CUDAExecutionProvider,timed
c8c0c1d28b982ed0606fa0ef1a0ce3f1,2619709,1.0810,0,3.0217,2.7004,4.8626,3.3057,100,CUDAExecutionProvider,timed
c91dccc4fe706882a549d9502642e569,2646410,1.7122,0,1.8154,1.6508,3.2238,1.9851,100,CUDAExecutionProvider,timed
c9204a6ad8dd6d811d5e5a2824101724,4709258,1.2270,0,2.4495,2.2491,4.5800,2.8610,100,CUDAExecutionProvider,timed
c9983c4d8fc199d68a3778c8e181a319,5775242,1.8186,0,2.2281,1.9486,4.1676,2.5490,100,CUDAExecutionProvider,timed
ca548741288594b4f10bdf4055a25741,11231626,8.0167,3261071,1.8541,1.7021,3.3585,2.0885,100,CUDAExecutionProvider,timed
ca6562bcffc352e5e28fb9f67556abbf,20532106,29.4722,12813598,2.5291,2.3960,4.1897,2.7584,100,CUDAExecutionProvider,timed
cac2ab2b1c21698c84140b29e4c428e5,29832586,50.0756,21946695,3.8089,3.5854,5.5054,4.0716,100,CUDAExecutionProvider,timed
cafd85f3e54ce4216301777d4b10419a,5150908,1.5097,0,4.4260,3.6452,7.3528,4.9211,100,CUDAExecutionProvider,timed
cb4bd6a6a236330b89824fbfe461ae95,30711690,51.8760,22785556,4.0862,3.8216,5.8084,4.3761,100,CUDAExecutionProvider,timed
cb61ff5026aa4280858de250a5422623,3819435,1.3344,0,3.5711,3.0895,5.4172,3.8822,100,CUDAExecutionProvider,timed
cb6c7b3f3b686299a3434ee1aec84bbf,32469898,55.9384,24725422,4.5581,4.1977,6.3807,4.8827,100,CUDAExecutionProvider,timed
cb6ef5912869f5940f7bafd89949a46e,14196618,15.3215,6385827,2.8479,2.5810,4.2479,3.0729,100,CUDAExecutionProvider,timed
cc7555855ad0d1c36537a472dea36288,3742858,1.3139,0,2.1244,1.9153,3.8979,2.4107,100,CUDAExecutionProvider,timed
ccc084535b7fbe102538c08a7b912308,16118666,19.1851,8199864,3.0832,2.8396,4.5791,3.3247,100,CUDAExecutionProvider,timed
ccdbdaf440fa55eddccfe5549892a513,14196618,15.1094,6322913,2.8000,2.5045,4.7747,3.1110,100,CUDAExecutionProvider,timed
ccf80617af17d98c352294ee869a9c2d,11946890,10.5015,4162846,2.8155,2.5118,4.4468,3.1009,100,CUDAExecutionProvider,timed
cd17cc7975a3b4f0b73facf850d79c18,9014154,3.3275,1059061,2.9440,2.6905,4.9129,3.2523,100,CUDAExecutionProvider,timed
cd26e0df01ed71630181ef4a14bec2a7,4006282,1.1472,0,2.0206,1.8472,3.7546,2.3016,100,CUDAExecutionProvider,timed
cd407f79ee6de966c8c3608ac60ea9b0,2266601,1.0705,0,3.1833,2.7220,4.9474,3.5069,100,CUDAExecutionProvider,timed
cd6fda3c27790363c35161cad7065037,13153674,12.8038,5379194,2.5766,2.3952,4.2188,2.8312,100,CUDAExecutionProvider,timed
cd977eada26c27f906700012e6b554df,1678474,0.9502,0,1.8694,1.6961,3.4561,2.1059,100,CUDAExecutionProvider,timed
cdafdf37ce85696704cb88943e97c552,1700674,0.9309,0,2.8381,2.4258,4.4625,3.0770,100,CUDAExecutionProvider,timed
cdbbc16cd07c19df63f60ad775930739,5807242,1.5268,0,2.3752,2.1464,3.9842,2.6245,100,CUDAExecutionProvider,timed
cdf42d3c39a6595331d0bc651928d3f9,7695498,1.6517,0,2.3507,2.1327,3.9786,2.5963,100,CUDAExecutionProvider,timed
ce28096baf1c8154739e6479262057e0,2503003,1.0553,0,2.9713,2.4918,5.0394,3.2291,100,CUDAExecutionProvider,timed
cec68c37e39cdef55c32fd2f562fc68b,3742858,1.3281,0,2.1239,1.8830,3.6895,2.4093,100,CUDAExecutionProvider,timed
ced73e7c7eb9feede7cbb95e3747a3f8,2885547,1.1652,0,3.3957,2.9502,5.5216,3.7070,100,CUDAExecutionProvider,timed
cef008d128c549094ea1700c25d812e1,715043,0.7001,0,2.0384,1.7056,3.7568,2.2807,100,CUDAExecutionProvider,timed
cf2dd11279d40b8fc2d911059110952e,2109458,0.9959,0,2.9703,2.5677,4.8787,3.2765,100,CUDAExecutionProvider,timed
d00cb2ba1a0856ac5d8cd5ed7ecf5d31,2118026,1.0568,0,2.0382,1.8892,3.7939,2.2952,100,CUDAExecutionProvider,timed
d0a5ff67e269a1ac4f305c618a88ac85,11231626,8.2958,3386900,1.5430,1.4097,2.6668,1.6823,100,CUDAExecutionProvider,timed
d0f44e2dbf36429f1fe1ce50dc8eeed4,7125898,1.7222,0,2.8582,2.5489,4.6675,3.2066,100,CUDAExecutionProvider,timed
d1269d9156ddc027c40473008192958a,1931146,0.5479,0,0.6826,0.6150,1.4737,0.7928,100,CUDAExecutionProvider,timed
d1b9a359561814e89b273c953bb32bb1,3479434,1.3385,0,1.9946,1.8432,3.4682,2.2602,100,CUDAExecutionProvider,timed
d1c2fa68b28ca0d06453a5e10db81a1d,4182410,1.2669,0,2.0141,1.7937,3.6045,2.2827,100,CUDAExecutionProvider,timed
d25ac2430c53058c58710369d8881e6f,5807242,1.5315,0,2.3776,2.1058,3.9311,2.6426,100,CUDAExecutionProvider,timed
d25c9fed0f1c901c0521051a4febd1bf,3918986,1.2520,0,2.0833,1.8260,3.6090,2.3198,100,CUDAExecutionProvider,timed
d2a6d6bf9e5dc6b4f42877c8337be76a,32633738,56.0775,24725422,4.3810,4.0466,5.9661,4.6303,100,CUDAExecutionProvider,timed
d3243ccd0b1e6299d112fa92364f0bdd,7125898,1.8053,0,2.8558,2.5809,4.8374,3.1431,100,CUDAExecutionProvider,timed
d32a3166e1aa90f93ab547360688e7a7,5807242,1.6218,0,2.3625,2.1392,4.2721,2.6681,100,CUDAExecutionProvider,timed
d32d0b26d534203b48d866facd98cc3e,11067786,7.6820,3093299,1.6641,1.5653,2.8727,1.8158,100,CUDAExecutionProvider,timed
d374baff9a680e54af2e7e01a87f36f4,4732298,1.6911,0,2.0098,1.8074,3.5307,2.2449,100,CUDAExecutionProvider,timed
d3b16e5675d9f02ba3cb845067780dd7,5807242,1.5549,0,2.3310,2.1348,4.2926,2.6219,100,CUDAExecutionProvider,timed
d40c7bae09509dc04fa8ce0138f46900,5939082,1.6874,0,2.1075,1.8819,3.7759,2.4005,100,CUDAExecutionProvider,timed
d449e273799fddc0dc167f1c42b3497b,7871626,1.7179,0,2.4144,2.1487,4.1796,2.6779,100,CUDAExecutionProvider,timed
d4c2ba36cf7f5a18133886d4fb06f26a,6773642,1.5804,0,2.5060,2.2325,4.0836,2.7864,100,CUDAExecutionProvider,timed
d5d6397dc8e7a07441d565662a61bef3,1069340,0.8500,0,2.7667,2.3004,4.5144,2.9912,100,CUDAExecutionProvider,timed
d60b34a41e93a34223bbe48371ead7d3,3534199,1.2524,0,3.3348,2.9198,5.5896,3.6698,100,CUDAExecutionProvider,timed
d6117ac0727b027348bb056759b3315a,8135050,1.9411,297472,2.6677,2.4237,4.3594,2.8743,100,CUDAExecutionProvider,timed
d64330dd1ea0541471bfa08f9d7ad009,10188682,6.4083,2380267,1.8028,1.6783,2.8049,1.9588,100,CUDAExecutionProvider,timed
d648a3844908aa19dc9385b9f4f790f4,4555612,1.4010,0,3.8419,3.2813,5.5719,4.0506,100,CUDAExecutionProvider,timed
d659906577ed785b207435980424f250,10199434,6.1662,2359296,2.6252,2.4306,4.2735,2.9079,100,CUDAExecutionProvider,timed
d6c124aba638334ac6cee7489841ffa2,10462858,6.4709,2495610,2.9997,2.7141,4.8130,3.2433,100,CUDAExecutionProvider,timed
d6f3d6ba803c8de082ac11bf70ac7b43,3742858,1.2498,0,2.0951,1.8823,3.6700,2.4204,100,CUDAExecutionProvider,timed
d727d54d6c752cf42f7aded2b2cc7b80,832413,0.8529,0,2.6379,2.1863,4.3339,2.8632,100,CUDAExecutionProvider,timed
d739e62e8a2418339b967173f318a4df,5367690,1.4430,0,2.0218,1.7698,3.7045,2.2901,100,CUDAExecutionProvider,timed
d770fd35074cc3ef7dd76e1f96fd1946,4006282,1.1745,0,2.4263,1.8292,4.1204,2.7014,100,CUDAExecutionProvider,timed
d7bd21d7a9ef6ce35ad0ce05ebeb1829,5543818,1.6372,0,2.3174,2.0900,4.0050,2.5658,100,CUDAExecutionProvider,timed
d7e9e3c65e3b93c7114f34b6cbadd6e7,2503003,1.1448,0,2.8965,2.5226,5.0261,3.2679,100,CUDAExecutionProvider,timed
d8122813748cebcc0b7a8839f495e388,1301292,1.0252,0,2.1316,1.8402,3.4530,2.3571,100,CUDAExecutionProvider,timed
d8247320433d41c895e88548b5b4820c,6246794,1.6085,0,2.5411,2.2825,4.6177,2.9366,100,CUDAExecutionProvider,timed
d86ff6f4644cbcb23c4df79be36a890f,1696570,0.9079,0,2.6958,2.4270,4.4818,2.9768,100,CUDAExecutionProvider,timed
d8720cf71455c485e0681eec0efc0901,1582141,0.9294,0,2.7639,2.3491,4.6106,3.0059,100,CUDAExecutionProvider,timed
d8a2a0704d6936ae39e84438d52c384c,8135050,1.6670,166400,2.4972,2.2177,3.6241,2.7023,100,CUDAExecutionProvider,timed
d8ebc601b5da07b82b1e0f29dbf4ffd5,3039882,0.8523,0,1.3451,1.2142,2.5935,1.5642,100,CUDAExecutionProvider,timed
d8f10eace4b69883d6652114c7d3431d,14032778,15.1259,6259998,2.9178,2.6410,4.8616,3.1648,100,CUDAExecutionProvider,timed
d90d77bd03a3eae63cb33212bc576b1c,14196618,14.7683,6259998,2.8153,2.5838,4.4748,3.0521,100,CUDAExecutionProvider,timed
d9461391e61ceeac5a11a12c9d9f6aac,834101,0.8594,0,2.5322,2.2080,4.7333,2.8509,100,CUDAExecutionProvider,timed
d984ccdb72739e3717e3309f0aebf9c1,31754634,54.1951,23834132,4.2173,3.9451,5.8475,4.5402,100,CUDAExecutionProvider,timed
d98fc5a029389cee389e94c6f37b0503,4445834,1.2753,0,2.3596,2.1698,4.2423,2.7189,100,CUDAExecutionProvider,timed
d9a6295bbadec2b1101b82fcb37e49b8,12110730,10.4353,4162846,2.6358,2.4108,4.0842,2.8799,100,CUDAExecutionProvider,timed
d9b7c55d59734ccf8326b76d0c789e1d,1702501,0.9174,0,2.8359,2.4130,4.8099,3.0890,100,CUDAExecutionProvider,timed
d9f4c44e48ec5b137847dd1ab5cf999b,8135050,1.8962,217600,2.7129,2.4438,4.2538,2.9479,100,CUDAExecutionProvider,timed
da189fa95f075497f9d4be190ebc86f8,32633738,56.3742,24840765,4.4340,4.1071,5.9440,4.7125,100,CUDAExecutionProvider,timed
da64b84922d9d2bbaf218f3c42eb69c8,3382107,1.4484,0,3.2579,2.7649,5.4309,3.5267,100,CUDAExecutionProvider,timed
da88316c603c5c0acac90a5ed06d7d9b,656650,0.8277,0,2.5455,2.2117,4.4336,2.8101,100,CUDAExecutionProvider,timed
daa04c99428f1e8e209b044925bbe453,23497098,36.0223,15697182,3.6364,3.3153,5.7516,4.0077,100,CUDAExecutionProvider,timed
db34a957b2ff14cb155c0ea81bf4db87,3566730,1.1802,0,1.9298,1.7747,3.2756,2.1428,100,CUDAExecutionProvider,timed
dbbbf73630874fcf19e5882a333c8f83,12966794,12.2065,5012193,3.2151,2.8774,4.8998,3.4736,100,CUDAExecutionProvider,timed
dc0f4db6c382d06662b2bd2d1af3a207,4445834,1.2597,0,2.4069,2.1610,4.3233,2.7532,100,CUDAExecutionProvider,timed
dc21d50c0ea1d027fc487fbfbabbdf46,2974090,1.5293,0,1.7259,1.4943,3.0265,1.9480,100,CUDAExecutionProvider,timed
dcdc3948b943b4377e2b0baf50459f99,21411210,31.2435,13641973,3.2862,3.0888,5.1162,3.5974,100,CUDAExecutionProvider,timed
dd23734c1a919843f0268d96a0445e97,830586,0.8034,0,2.2142,1.9957,3.9412,2.4418,100,CUDAExecutionProvider,timed
dda44a301f1c2030ee7e0f6923c0b9fa,10023306,5.8394,2181038,2.7430,2.5264,4.8529,3.0564,100,CUDAExecutionProvider,timed
ddf669ff1dbf4454922a524df32e27b4,1151626,1.1327,0,1.7542,1.5569,3.2356,1.9746,100,CUDAExecutionProvider,timed
de4e842d79b6e1fc0ed6e7ffd24ee52d,15075722,17.2278,7319060,3.0462,2.7444,4.9167,3.4104,100,CUDAExecutionProvider,timed
deba30fb74ccd63de350edf798e6d0cd,5807242,1.1667,0,1.9233,1.6962,3.2024,2.1131,100,CUDAExecutionProvider,timed
df19b7e9308a78486fa0b0374507f987,19489162,27.1350,11765022,2.4207,2.2854,3.8855,2.6097,100,CUDAExecutionProvider,timed
df564abc783e4942e2f9492cb8173572,28789642,47.5108,20845690,3.8341,3.5169,5.4914,4.1562,100,CUDAExecutionProvider,timed
e019e10875ae9981426e349e4c21f4b2,30711690,51.8163,22775070,3.9549,3.7110,5.6669,4.2627,100,CUDAExecutionProvider,timed
e023422e143010f04583a26cadcbd88c,2632240,1.3437,0,2.9452,2.6572,5.4281,3.3341,100,CUDAExecutionProvider,timed
e092d43820b08fe53aa2ba6e2395850a,30711690,52.1882,22900899,4.1171,3.7261,6.3849,4.5062,100,CUDAExecutionProvider,timed
e09c915a4a4798c2bb9bc2d2222887de,888202,0.6993,0,1.1595,1.0053,2.5576,1.3094,100,CUDAExecutionProvider,timed
e0e95c85c9ece1eb0443ca4564a17337,4732298,1.9612,0,2.1390,1.9341,3.7761,2.4187,100,CUDAExecutionProvider,timed
e11345336a258038a60b4ee14b0b63ec,1740447,0.9741,0,2.8165,2.3964,4.7892,3.1120,100,CUDAExecutionProvider,timed
e1905b031520aca7bf8f052aebb222a2,3853194,1.6503,0,1.7807,1.6106,3.1813,1.9778,100,CUDAExecutionProvider,timed
e2317031edbcb3e2148b8cfb105e53a6,13153674,12.7412,5368709,2.5931,2.4381,4.0332,2.8155,100,CUDAExecutionProvider,timed
e2d787062ed9ea083cbc441ea26d1c55,22454154,33.3427,14522777,3.2376,3.0049,4.8086,3.5079,100,CUDAExecutionProvider,timed
e3616002befab7ab5bfc8b0519df98ce,4006282,1.0069,0,1.9501,1.7527,3.7730,2.2367,100,CUDAExecutionProvider,timed
e3988770800f3e8dc33afdccc9eaba48,421663,0.6638,0,1.9642,1.7049,3.6203,2.2312,100,CUDAExecutionProvider,timed
e3ba772b6ebbd0820e63a275856d3a35,6510218,1.6242,0,2.4207,2.1991,4.1305,2.6874,100,CUDAExecutionProvider,timed
e41f9486ea310471ad4bce8933e67224,3853194,1.5360,0,1.6496,1.5172,3.0276,1.8516,100,CUDAExecutionProvider,timed
e4c6dbcf55cae25268c414a0bdc621ec,888202,0.7196,0,0.7281,0.6677,1.5098,0.8312,100,CUDAExecutionProvider,timed
e56d77ed1d5634b48167397e5549248d,5983370,1.6618,0,2.4921,2.2711,4.1098,2.7862,100,CUDAExecutionProvider,timed
e583d8c73fe8193b263b96f91caf0097,4621962,1.4728,0,2.2994,2.0680,3.8965,2.5343,100,CUDAExecutionProvider,timed
e5a8038201ff317594fa62c45ecd2d05,12110730,10.0832,4215275,1.8948,1.7882,3.5181,2.0927,100,CUDAExecutionProvider,timed
e5cad1ddc356cbc04f10d332c725920a,10199434,5.9349,2233466,2.9492,2.7042,4.4468,3.1779,100,CUDAExecutionProvider,timed
e67378a54a25f33ee0ebd4758b268749,12110730,10.3990,4320133,2.0980,1.9049,3.5687,2.2920,100,CUDAExecutionProvider,timed
e6dd2e20b0e538e48ddbdd8d494dab30,888202,0.8994,0,1.3950,1.2454,3.0253,1.6256,100,CUDAExecutionProvider,timed
e712e30e0a5c50fb6df76f10c96b8252,6510218,1.6456,0,2.4313,2.2276,4.1731,2.7421,100,CUDAExecutionProvider,timed
e74a9b5637bd5660b3e1538bf5a8348d,14032778,14.5144,6092226,2.9710,2.6643,4.9002,3.2554,100,CUDAExecutionProvider,timed
e773a7a186b03b0957d57fed0f4d014a,448650,0.5891,0,0.8093,0.7120,1.6682,0.9189,100,CUDAExecutionProvider,timed
e7f31293566724324d3ccc875f097f01,2776458,0.8442,0,1.1271,1.0252,2.1039,1.2968,100,CUDAExecutionProvider,timed
e83661302ea89bc69e03d6ef3941449d,4006282,1.2278,0,2.1689,1.9599,3.7282,2.4324,100,CUDAExecutionProvider,timed
e87bdd0d8c14d7bb29f7943e86b94da2,6510218,1.5444,0,2.7011,2.4162,4.4829,3.0175,100,CUDAExecutionProvider,timed
e8a5ec87a4930851f02349c0cf821dcc,21411210,31.4103,13641973,3.2792,2.9645,4.8190,3.6038,100,CUDAExecutionProvider,timed
e8dcca075e681e84f571db2efc3ec40f,5367690,1.5401,0,2.1912,1.9460,3.9481,2.4621,100,CUDAExecutionProvider,timed
e8f745e783f883609a4aec032a322e82,2381450,1.0166,0,1.8978,1.7603,3.4041,2.1570,100,CUDAExecutionProvider,timed
e93033cedc8cb8fde8def99187fa9a90,2619709,0.9655,0,2.7552,2.2850,4.6299,2.9965,100,CUDAExecutionProvider,timed
e9cd98d393a4efa49904cd6b43ab9f50,14032778,14.7000,6102712,2.9683,2.6942,4.7169,3.1852,100,CUDAExecutionProvider,timed
ea4a1885508c0b236fe14f88d0773248,19489162,27.2256,11691622,3.0787,2.8901,4.6760,3.3183,100,CUDAExecutionProvider,timed
ea54a4d9ef124d726e7a084dbeee70d6,6818186,1.8076,0,2.3083,2.0674,4.2144,2.6139,100,CUDAExecutionProvider,timed
eacca41810928075c5520412678e1d6f,4095114,1.5955,0,2.1409,1.9556,3.7461,2.3991,100,CUDAExecutionProvider,timed
eae2760c635ecba5f24e74377fa3dc07,3662956,1.2425,0,3.3158,2.9301,5.2805,3.6689,100,CUDAExecutionProvider,timed
eaefd4d11cad9513a6bfbf675804983d,4576396,1.4119,0,3.6120,3.0896,5.5233,3.8924,100,CUDAExecutionProvider,timed
eb2e7682970067c40aa7af44d5e627ea,8838026,2.9627,879104,3.0149,2.6126,4.9016,3.3125,100,CUDAExecutionProvider,timed
eb439b5f7d408c2d4f034fec0ad2d8e0,5631114,1.4833,0,2.2514,1.9946,3.8899,2.4773,100,CUDAExecutionProvider,timed
eb7e2ac6e1c5b3218d8ea1e9f8cc1b33,2294154,1.0371,0,1.7515,1.5813,3.2441,1.9661,100,CUDAExecutionProvider,timed
eb88cca91eb77beb19f50126349a8605,2974090,1.6877,0,1.6794,1.4923,3.0599,1.9223,100,CUDAExecutionProvider,timed
ebac81bdb8f5d131644eef19005ea271,2030730,0.9053,0,1.5589,1.3435,3.1090,1.7967,100,CUDAExecutionProvider,timed
ebace7e7ec5181756a89450508986151,5631114,1.3844,0,2.1109,1.8889,3.7089,2.3523,100,CUDAExecutionProvider,timed
ebae67dbca44bd8e9edbf269ddadd76a,14032778,14.8877,6218055,2.9201,2.6659,4.6444,3.1587,100,CUDAExecutionProvider,timed
ebc4564768c3236c93f2b21f02e0ddd3,8135050,1.8825,166400,2.7049,2.4132,4.3488,2.9348,100,CUDAExecutionProvider,timed
ec63a326161d51fac57d66ea463d1b8e,13153674,13.0414,5379194,2.7272,2.5138,4.6505,3.0616,100,CUDAExecutionProvider,timed
ecc70329e3c8132ededb3e614c99459c,6246794,1.6562,0,2.3986,2.1521,4.0961,2.6927,100,CUDAExecutionProvider,timed
ece70dffadf532dc5849678b88a3a3fb,7871626,1.9301,31744,2.5443,2.3371,4.4848,2.8739,100,CUDAExecutionProvider,timed
ecf18a19fed3f12b6f516182dca9710e,975498,0.8370,0,1.4354,1.3186,2.7262,1.6466,100,CUDAExecutionProvider,timed
ed56282d8e234fa03130e028474f57f8,2780228,1.0415,0,2.8858,2.5742,4.5423,3.1554,100,CUDAExecutionProvider,timed
ed6b52901d9d5c6fb39e9f59833969ae,2490952,0.9987,0,2.7884,2.4463,4.6658,3.1122,100,CUDAExecutionProvider,timed
ed8fa06d9f0b0ad8f45c22916d6c61f7,1814578,0.8651,0,2.6830,2.3069,4.5302,2.9601,100,CUDAExecutionProvider,timed
ee28f560654617e3e995470c56839a77,1623077,0.8918,0,2.6196,2.3147,4.5864,2.8657,100,CUDAExecutionProvider,timed
ee2da367688cdf6ca0f971c50af1daec,1876173,1.0309,0,2.8522,2.4811,4.8514,3.1135,100,CUDAExecutionProvider,timed
ee7352572d1fe6d96f755c23ba85dce7,6686346,1.7434,0,2.6721,2.3600,4.4050,2.9751,100,CUDAExecutionProvider,timed
ee8008368a7c68c918635cc8bd6bef24,3742858,1.1218,0,1.8450,1.6453,3.5196,2.1159,100,CUDAExecutionProvider,timed
ee8de2d839492318ca5e2c8a9cdbfa4e,12110730,10.7757,4320133,2.5145,2.3098,4.1549,2.7476,100,CUDAExecutionProvider,timed
ef09f6a846e6c451db6a0ede9a229508,2791754,1.0868,0,2.9200,2.4801,4.6196,3.1364,100,CUDAExecutionProvider,timed
ef4e122586af81af81e59d7a5fe852b4,8311178,2.2898,465408,2.8483,2.5685,4.7949,3.1369,100,CUDAExecutionProvider,timed
ef66ad59bfdc3b67ebf85282f0023bfc,3742858,1.2982,0,2.1351,1.8876,4.0104,2.4616,100,CUDAExecutionProvider,timed
ef694b3b1bae2ad0744428f50fbd3428,15075722,17.1586,7319060,3.0290,2.7922,4.6462,3.2389,100,CUDAExecutionProvider,timed
f0a9ffead5896eb67f55e754b787df34,1415050,1.1272,0,1.7272,1.5613,3.0323,1.9502,100,CUDAExecutionProvider,timed
f0c9d1e5015d7241fa317d8faaad89be,7695498,1.7717,0,2.4706,2.2538,4.4525,2.8041,100,CUDAExecutionProvider,timed
f1f3b13f2bd9902b17b99e2e5c3793cf,2903390,1.1686,0,3.4109,2.8722,5.5700,3.7499,100,CUDAExecutionProvider,timed
f214e14c0f4c5c4e0f4f063de6ce4f5b,4861043,1.4428,0,3.8436,3.3381,6.0833,4.2136,100,CUDAExecutionProvider,timed
f28ae524c59c34448f690570c75b8921,5807242,1.4665,0,2.2198,1.9871,3.9890,2.4976,100,CUDAExecutionProvider,timed
f29fd2bdc03f5a8989c71075d380ec32,10188682,6.5014,2380267,2.1456,1.9616,3.4152,2.3708,100,CUDAExecutionProvider,timed
f2a2bbded855904b3b1e60d599e3c2dc,1448755,0.8474,0,2.2777,1.9557,3.4556,2.5239,100,CUDAExecutionProvider,timed
f2bf6cacc836e8ff51766fcef9716a86,1072344,0.8322,0,2.7603,2.3605,4.4704,3.0126,100,CUDAExecutionProvider,timed
f2cc97433654486df6c963e51f4dfd6f,13153674,12.4828,5200936,2.2512,2.0629,3.7242,2.4498,100,CUDAExecutionProvider,timed
f2e929040a2e3997ef1cca09c24fcd63,3742858,1.3581,0,2.1222,1.9126,3.8413,2.3808,100,CUDAExecutionProvider,timed
f30caa74b7fb37f137530a80d57497f3,3825366,1.3233,0,3.4584,2.9808,5.5183,3.7671,100,CUDAExecutionProvider,timed
f32ee2bedfcc64d4aab77d6cb2ab7d2f,888202,1.0254,0,1.0005,0.8979,1.8353,1.1050,100,CUDAExecutionProvider,timed
f34e759058f459e13720e99458ba704a,10199434,6.0012,2233466,2.9714,2.6797,4.6859,3.2248,100,CUDAExecutionProvider,timed
f38b7aac62ef3b0c7660c515ec9a2e67,4017034,0.8612,0,1.1289,1.0027,2.1351,1.2952,100,CUDAExecutionProvider,timed
f38df1441545abd5a543b0e1ea1b9687,3742858,1.2311,0,2.0796,1.9300,3.6819,2.3079,100,CUDAExecutionProvider,timed
f3b6690740bd363db9f2ec37ed01bd12,1615242,0.8965,0,1.8555,1.6926,3.5291,2.1467,100,CUDAExecutionProvider,timed
f411a6c6997b344890a812d0018013e6,14032778,14.8536,6259998,2.8813,2.6845,4.7127,3.1866,100,CUDAExecutionProvider,timed
f499c2a70fcae3d1ea881fa45d07e2b4,3742858,1.1952,0,1.9514,1.7923,3.6490,2.2630,100,CUDAExecutionProvider,timed
f50f9ba3776d5711cfd291624b0b11cc,2782644,0.9360,0,2.8924,2.4529,4.5415,3.1506,100,CUDAExecutionProvider,timed
f5367826158a961af9d90baf1c87c2da,20368266,29.2671,12582912,3.2999,3.0163,5.0431,3.5404,100,CUDAExecutionProvider,timed
f5376f9b94d32a4bbc807b78e7b8d3cd,656125,0.7961,0,2.3931,2.1110,4.4338,2.6983,100,CUDAExecutionProvider,timed
f54e2d5671f531b036009e919d5d46a9,41770378,76.7367,33858519,5.3367,4.9539,7.2906,5.6244,100,CUDAExecutionProvider,timed
f559dba143654abdbcf9cbad9c1883f9,5543818,1.4154,0,2.0230,1.8368,3.5544,2.2846,100,CUDAExecutionProvider,timed
f575f11dc6418749f4a7fbe1ba85fd68,5807242,1.5826,0,2.3636,2.1257,4.3009,2.6953,100,CUDAExecutionProvider,timed
f5932686e6f76e752739a82c0195d88f,3039882,1.2102,0,1.7992,1.6701,3.0804,1.9922,100,CUDAExecutionProvider,timed
f5b9b79adb114a4a6944c0b46fa1aff0,22290314,33.4408,14522777,3.4633,3.2382,5.5600,3.8079,100,CUDAExecutionProvider,timed
f5d1ee732533b9317ae8820af664da43,1990727,1.0194,0,2.9357,2.4886,4.8223,3.1806,100,CUDAExecutionProvider,timed
f61401f2699068bc34583065c0f82d09,22454154,33.3983,14512291,3.3169,3.0573,5.2337,3.5789,100,CUDAExecutionProvider,timed
f627608694b88eeacc8253f51060b857,1857678,0.9831,0,2.7292,2.3895,4.4286,3.0257,100,CUDAExecutionProvider,timed
f65ccd24829156b6fc964b6588adae34,3479434,1.3770,0,2.0814,1.8368,3.8637,2.3803,100,CUDAExecutionProvider,timed
f68de672564ddefc30c9366e5aae1bfe,23333258,35.6676,15529410,3.6700,3.3571,5.4085,3.9229,100,CUDAExecutionProvider,timed
f695bddd6660304cb27b7cefffe9c3cb,2332938,0.8707,0,2.3263,1.9331,4.1660,2.6410,100,CUDAExecutionProvider,timed
f71bcc4ab92f2f353f6dd7e0bc386d70,5104266,1.3005,0,1.7338,1.5427,3.0735,1.9778,100,CUDAExecutionProvider,timed
f72dbf1a8be774259d5d37c90693a918,38090122,68.5818,30272389,4.3056,4.0366,6.0478,4.5863,100,CUDAExecutionProvider,timed
f79061c4679484779255ec78c54f0cab,6510218,1.6015,0,2.5915,2.3582,4.7570,2.9150,100,CUDAExecutionProvider,timed
f792a49cba6c47c50c1838c10e6d6a76,2337558,1.2728,0,2.7838,2.4036,4.4390,3.0542,100,CUDAExecutionProvider,timed
f835440e81485362082395859d0987de,5807242,1.6045,0,2.4142,2.1287,4.6374,2.7062,100,CUDAExecutionProvider,timed
f839042238079ef1639bed80fc7b6423,7695498,1.5726,0,2.2583,2.0139,4.0564,2.4851,100,CUDAExecutionProvider,timed
f855024dab425fb633b79b99c14f6c6f,2790066,1.1472,0,3.1317,2.7340,5.3252,3.5062,100,CUDAExecutionProvider,timed
f87450c79234a89c0965595e47d65398,8574602,2.7837,741376,2.9135,2.5379,4.8754,3.2044,100,CUDAExecutionProvider,timed
f8d6fa2722e16ea30e77e7d272e78375,2810250,1.6626,0,1.6952,1.5666,3.3336,1.9021,100,CUDAExecutionProvider,timed
f8e7dff2bc55b4f3b4d911787fa5ee06,22454154,33.8193,14648606,3.4654,3.1965,5.3522,3.7458,100,CUDAExecutionProvider,timed
f923109a416feecf9bc5a6ae98cc3c69,19489162,27.0868,11765022,2.4498,2.3025,3.7764,2.6549,100,CUDAExecutionProvider,timed
fa45f7c87cb218445e188cc2ea41e89c,1870892,1.0302,0,2.9634,2.4825,5.4579,3.3156,100,CUDAExecutionProvider,timed
fa9d6216024458ea636b391ba8d4d9a2,2269591,1.0014,0,3.0005,2.6398,4.9625,3.3110,100,CUDAExecutionProvider,timed
faa6da412ca93df4648fc5b4deb94913,12110730,10.6586,4320133,2.6067,2.3945,4.1661,2.8291,100,CUDAExecutionProvider,timed
faaf733e64d40eb34c34eed272e40d9b,1166346,0.7104,0,1.7750,1.5933,3.4506,2.0451,100,CUDAExecutionProvider,timed
fb4326b6d385f993f878531f82278fb0,22290314,33.3211,14522777,3.5461,3.3393,5.4344,3.8846,100,CUDAExecutionProvider,timed
fc015f1f7db46316a77c9158283d2816,3690678,1.3569,0,3.5071,2.9772,5.4195,3.8257,100,CUDAExecutionProvider,timed
fc0a8da602b989aa622f1f3428b34d23,4896138,1.6772,0,1.9694,1.7639,3.5215,2.1891,100,CUDAExecutionProvider,timed
fc0a95d2974d93a2e7b14ffa24579e3a,12966794,12.2029,5012193,3.3372,2.9589,5.1540,3.5998,100,CUDAExecutionProvider,timed
fc41ef9b2bce1764654dc9f0975f75da,31590794,54.2603,23834132,4.3176,3.9577,6.0442,4.6204,100,CUDAExecutionProvider,timed
fc42aef154235f2c6cc2b2a55df465b8,4182410,1.3353,0,2.3916,2.0886,4.0475,2.6820,100,CUDAExecutionProvider,timed
fca3d3671f135e0347cd3688f3f34cad,10188682,6.2349,2453667,1.4559,1.3379,2.3583,1.5704,100,CUDAExecutionProvider,timed
fcc1e77f36eb12f3fbecee43a084cd65,4095114,1.2606,0,1.9811,1.6628,3.8073,2.2235,100,CUDAExecutionProvider,timed
fcd7b46541d43d41d7fb2eb45888a3bd,13153674,12.8238,5368709,2.5436,2.2912,3.8891,2.7677,100,CUDAExecutionProvider,timed
fd19255f3c4904f64809069de5230d6b,21575050,31.7156,13683916,3.3271,2.9823,4.8369,3.5330,100,CUDAExecutionProvider,timed
fd663009d1b174af92226267eb251e82,3742858,1.3198,0,2.5591,1.8910,4.0149,2.6871,100,CUDAExecutionProvider,timed
fd83b620cd62fa6e920ad14214ae9dc8,22454154,33.6410,14680064,3.2123,2.9719,4.7400,3.4545,100,CUDAExecutionProvider,timed
feab8d2a5346b73b648752a2f8a3afb4,5543818,1.5755,0,2.1590,1.9522,4.1934,2.4359,100,CUDAExecutionProvider,timed
febdd80a25f81f4500840977962e6091,4358538,1.3928,0,2.2547,1.9361,3.9012,2.5884,100,CUDAExecutionProvider,timed
fec1892b1361b3b2a5b9e5275c65e15b,8838026,2.9710,879104,3.1881,2.7385,5.0637,3.5691,100,CUDAExecutionProvider,timed
feed1719cca17d0201582220097bc1fc,5807242,1.4753,0,2.3362,2.0268,4.1723,2.6455,100,CUDAExecutionProvider,timed
ff72892816559bc53a6b78f94dc61381,8750730,3.0397,836608,3.0517,2.5840,4.9169,3.3683,100,CUDAExecutionProvider,timed
ff77f2263d52b6f331a9aa3566825d0e,21247370,30.9096,13306429,3.5656,3.2654,5.1800,3.8355,100,CUDAExecutionProvider,timed
